"id_employe","nom","prenom","poste","departement_id","nom_departement","date_embauche","date_depart","statut_au_2026_08_01","salaire","anciennete_annees","cohorte_embauche","score_moyen_total","score_moyen_3_derniers_trimestres","categorie_performance","derniere_evaluation"
"253","Nom_253","Prenom_253","Manager","8","Opérations","2019-01-02","","Активен","4778","7,58","2019","68,25","62,33","Средняя","2024-10-01"
"326","Nom_326","Prenom_326","Developpeur","3","Informatique","2019-01-02","","Активен","2840","7,58","2019","76,83","70,67","Средняя","2024-10-01"
"1209","Nom_1209","Prenom_1209","Analyste","6","Ventes","2019-01-04","","Активен","2862","7,57","2019","68,08","68,67","Средняя","2024-10-01"
"519","Nom_519","Prenom_519","Analyste","10","Direction Générale","2019-01-05","","Активен","1829","7,57","2019","77,17","73,33","Средняя","2024-10-01"
"1293","Nom_1293","Prenom_1293","Finance","3","Informatique","2019-01-05","","Активен","1484","7,57","2019","72,92","71","Средняя","2024-10-01"
"1204","Nom_1204","Prenom_1204","Finance","8","Opérations","2019-01-06","","Активен","4066","7,57","2019","70,75","69","Средняя","2024-10-01"
"908","Nom_908","Prenom_908","Finance","6","Ventes","2019-01-10","","Активен","2197","7,56","2019","70,17","66,67","Средняя","2024-10-01"
"1098","Nom_1098","Prenom_1098","Manager","6","Ventes","2019-01-08","","Активен","1529","7,56","2019","73,58","61,67","Средняя","2024-10-01"
"335","Nom_335","Prenom_335","Analyste","1","Ressources Humaines","2019-01-09","","Активен","1449","7,56","2019","83,5","70,33","Средняя","2024-10-01"
"1250","Nom_1250","Prenom_1250","RH","9","Juridique","2019-01-10","","Активен","2341","7,56","2019","74,75","79,67","Средняя","2024-10-01"
"1385","Nom_1385","Prenom_1385","RH","3","Informatique","2019-01-11","","Активен","1587","7,55","2019","72,67","61","Средняя","2024-10-01"
"1255","Nom_1255","Prenom_1255","RH","7","Service Client","2019-01-13","","Активен","1941","7,55","2019","77,5","83,67","Высокая","2024-10-01"
"646","Nom_646","Prenom_646","RH","3","Informatique","2019-01-12","","Активен","2062","7,55","2019","78,08","76","Средняя","2024-10-01"
"57","Nom_57","Prenom_57","Manager","4","Data & Analytics","2019-01-14","","Активен","1896","7,55","2019","74,58","69,67","Средняя","2024-10-01"
"114","Nom_114","Prenom_114","Finance","9","Juridique","2019-01-15","","Активен","1049","7,54","2019","68,42","76,33","Средняя","2024-10-01"
"415","Nom_415","Prenom_415","Analyste","3","Informatique","2019-01-17","","Активен","1205","7,54","2019","74,75","79,67","Средняя","2024-10-01"
"1366","Nom_1366","Prenom_1366","RH","8","Opérations","2019-01-15","","Активен","844","7,54","2019","80,5","94,67","Высокая","2024-10-01"
"444","Nom_444","Prenom_444","Developpeur","9","Juridique","2019-01-18","","Активен","3929","7,53","2019","77,33","71,67","Средняя","2024-10-01"
"479","Nom_479","Prenom_479","RH","8","Opérations","2019-01-20","","Активен","1867","7,53","2019","74,92","80","Высокая","2024-10-01"
"1148","Nom_1148","Prenom_1148","Developpeur","5","Marketing","2019-01-25","","Активен","1070","7,52","2019","71,75","83,67","Высокая","2024-10-01"
"1474","Nom_1474","Prenom_1474","Analyste","10","Direction Générale","2019-01-25","","Активен","3516","7,52","2019","70","70,67","Средняя","2024-10-01"
"1391","Nom_1391","Prenom_1391","Developpeur","2","Finance","2019-01-23","","Активен","4060","7,52","2019","72,25","68,67","Средняя","2024-10-01"
"603","Nom_603","Prenom_603","RH","6","Ventes","2019-01-23","","Активен","4108","7,52","2019","75,17","71,33","Средняя","2024-10-01"
"25","Nom_25","Prenom_25","Developpeur","2","Finance","2019-01-22","","Активен","936","7,52","2019","80,92","80","Высокая","2024-10-01"
"1135","Nom_1135","Prenom_1135","Finance","7","Service Client","2019-01-28","","Активен","1661","7,51","2019","73,42","73","Средняя","2024-10-01"
"397","Nom_397","Prenom_397","Manager","10","Direction Générale","2019-01-27","","Активен","2832","7,51","2019","79,58","82,67","Высокая","2024-10-01"
"1109","Nom_1109","Prenom_1109","Manager","3","Informatique","2019-01-28","","Активен","3375","7,51","2019","71,5","66,33","Средняя","2024-10-01"
"776","Nom_776","Prenom_776","Finance","9","Juridique","2019-01-29","","Активен","2601","7,5","2019","87,33","91","Высокая","2024-10-01"
"71","Nom_71","Prenom_71","RH","3","Informatique","2019-02-04","","Активен","4808","7,49","2019","71,58","81,67","Высокая","2024-10-01"
"652","Nom_652","Prenom_652","RH","2","Finance","2019-02-04","","Активен","3262","7,49","2019","72,17","62,33","Средняя","2024-10-01"
"1159","Nom_1159","Prenom_1159","Analyste","2","Finance","2019-02-03","","Активен","4067","7,49","2019","76,67","79,67","Средняя","2024-10-01"
"477","Nom_477","Prenom_477","Analyste","5","Marketing","2019-02-05","","Активен","2517","7,49","2019","79,17","76,67","Средняя","2024-10-01"
"802","Nom_802","Prenom_802","Manager","8","Opérations","2019-02-08","","Активен","816","7,48","2019","78","73,67","Средняя","2024-10-01"
"390","Nom_390","Prenom_390","Analyste","9","Juridique","2019-02-07","","Активен","4579","7,48","2019","77,67","80,67","Высокая","2024-10-01"
"693","Nom_693","Prenom_693","Analyste","4","Data & Analytics","2019-02-06","","Активен","3006","7,48","2019","80,25","81,33","Высокая","2024-10-01"
"134","Nom_134","Prenom_134","Manager","5","Marketing","2019-02-10","","Активен","3248","7,47","2019","73,42","68","Средняя","2024-10-01"
"1040","Nom_1040","Prenom_1040","Finance","2","Finance","2019-02-12","","Активен","1175","7,47","2019","70,08","57,33","Низкая","2024-10-01"
"885","Nom_885","Prenom_885","Developpeur","7","Service Client","2019-02-10","","Активен","4592","7,47","2019","68,92","65,67","Средняя","2024-10-01"
"1084","Nom_1084","Prenom_1084","Finance","3","Informatique","2019-02-16","","Активен","2672","7,46","2019","76,33","87,67","Высокая","2024-10-01"
"850","Nom_850","Prenom_850","Finance","6","Ventes","2019-02-16","","Активен","2678","7,46","2019","72,67","83,33","Высокая","2024-10-01"
"1371","Nom_1371","Prenom_1371","RH","2","Finance","2019-02-16","","Активен","1833","7,46","2019","73,17","71,33","Средняя","2024-10-01"
"1092","Nom_1092","Prenom_1092","RH","7","Service Client","2019-02-17","","Активен","2011","7,45","2019","74,08","73,33","Средняя","2024-10-01"
"1422","Nom_1422","Prenom_1422","Manager","8","Opérations","2019-02-20","","Активен","1531","7,44","2019","81,58","76,67","Средняя","2024-10-01"
"344","Nom_344","Prenom_344","RH","9","Juridique","2019-02-23","","Активен","4387","7,44","2019","68,33","70","Средняя","2024-10-01"
"958","Nom_958","Prenom_958","Analyste","6","Ventes","2019-02-20","","Активен","4272","7,44","2019","80,08","72,33","Средняя","2024-10-01"
"494","Nom_494","Prenom_494","Finance","5","Marketing","2019-02-20","","Активен","3462","7,44","2019","70,83","68,67","Средняя","2024-10-01"
"1035","Nom_1035","Prenom_1035","RH","5","Marketing","2019-02-22","","Активен","2707","7,44","2019","72","80,33","Высокая","2024-10-01"
"1105","Nom_1105","Prenom_1105","Manager","7","Service Client","2019-02-25","","Активен","1555","7,43","2019","73,33","71,33","Средняя","2024-10-01"
"831","Nom_831","Prenom_831","RH","4","Data & Analytics","2019-02-27","","Активен","844","7,43","2019","72,5","71,33","Средняя","2024-10-01"
"1060","Nom_1060","Prenom_1060","RH","7","Service Client","2019-03-02","","Активен","4219","7,42","2019","77","88","Высокая","2024-10-01"
"1481","Nom_1481","Prenom_1481","Manager","5","Marketing","2019-03-04","","Активен","3130","7,41","2019","80,33","84,33","Высокая","2024-10-01"
"927","Nom_927","Prenom_927","Analyste","10","Direction Générale","2019-03-04","","Активен","3460","7,41","2019","68,75","71,33","Средняя","2024-10-01"
"704","Nom_704","Prenom_704","Manager","2","Finance","2019-03-03","","Активен","4866","7,41","2019","72","59,67","Низкая","2024-10-01"
"1151","Nom_1151","Prenom_1151","Finance","1","Ressources Humaines","2019-03-08","","Активен","1073","7,4","2019","72","71,67","Средняя","2024-10-01"
"1383","Nom_1383","Prenom_1383","Developpeur","8","Opérations","2019-03-10","","Активен","942","7,39","2019","75,67","65,67","Средняя","2024-10-01"
"995","Nom_995","Prenom_995","Developpeur","3","Informatique","2019-03-16","","Активен","4796","7,38","2019","77,58","77,33","Средняя","2024-10-01"
"1459","Nom_1459","Prenom_1459","Manager","1","Ressources Humaines","2019-03-16","","Активен","3997","7,38","2019","80,67","68,67","Средняя","2024-10-01"
"716","Nom_716","Prenom_716","RH","2","Finance","2019-03-17","","Активен","2457","7,38","2019","80","68","Средняя","2024-10-01"
"1208","Nom_1208","Prenom_1208","Finance","5","Marketing","2019-03-16","","Активен","1816","7,38","2019","66,25","69,33","Средняя","2024-10-01"
"1296","Nom_1296","Prenom_1296","Manager","10","Direction Générale","2019-03-19","","Активен","2262","7,37","2019","71","66,33","Средняя","2024-10-01"
"952","Nom_952","Prenom_952","RH","7","Service Client","2019-03-24","","Активен","4589","7,36","2019","69,42","70,33","Средняя","2024-10-01"
"1021","Nom_1021","Prenom_1021","Developpeur","5","Marketing","2019-03-22","","Активен","4790","7,36","2019","71,33","71,67","Средняя","2024-10-01"
"838","Nom_838","Prenom_838","Developpeur","1","Ressources Humaines","2019-03-21","","Активен","1491","7,36","2019","74,75","86","Высокая","2024-10-01"
"1140","Nom_1140","Prenom_1140","Finance","1","Ressources Humaines","2019-03-27","","Активен","1204","7,35","2019","71,5","74,33","Средняя","2024-10-01"
"655","Nom_655","Prenom_655","Developpeur","7","Service Client","2019-03-31","","Активен","3522","7,34","2019","68,42","76,33","Средняя","2024-10-01"
"1303","Nom_1303","Prenom_1303","Finance","4","Data & Analytics","2019-03-30","","Активен","4360","7,34","2019","81,5","82,33","Высокая","2024-10-01"
"1239","Nom_1239","Prenom_1239","Analyste","5","Marketing","2019-03-31","","Активен","4315","7,34","2019","75,67","68","Средняя","2024-10-01"
"5","Nom_5","Prenom_5","Manager","5","Marketing","2019-03-29","","Активен","4487","7,34","2019","73,33","62","Средняя","2024-10-01"
"64","Nom_64","Prenom_64","Finance","9","Juridique","2019-04-02","","Активен","3346","7,33","2019","78,08","82,67","Высокая","2024-10-01"
"1058","Nom_1058","Prenom_1058","Manager","5","Marketing","2019-04-03","","Активен","1165","7,33","2019","69,58","81","Высокая","2024-10-01"
"799","Nom_799","Prenom_799","Developpeur","3","Informatique","2019-04-01","","Активен","940","7,33","2019","76,58","73,33","Средняя","2024-10-01"
"586","Nom_586","Prenom_586","RH","4","Data & Analytics","2019-04-04","","Активен","2917","7,33","2019","72,25","68,33","Средняя","2024-10-01"
"177","Nom_177","Prenom_177","Manager","6","Ventes","2019-04-06","","Активен","1774","7,32","2019","72,67","68","Средняя","2024-10-01"
"1377","Nom_1377","Prenom_1377","RH","7","Service Client","2019-04-05","","Активен","1315","7,32","2019","81,5","92","Высокая","2024-10-01"
"688","Nom_688","Prenom_688","Manager","10","Direction Générale","2019-04-06","","Активен","986","7,32","2019","70,33","60","Средняя","2024-10-01"
"969","Nom_969","Prenom_969","Developpeur","8","Opérations","2019-04-05","","Активен","1584","7,32","2019","77,83","75","Средняя","2024-10-01"
"1004","Nom_1004","Prenom_1004","Manager","1","Ressources Humaines","2019-04-08","","Активен","1042","7,32","2019","73,92","58,33","Низкая","2024-10-01"
"1047","Nom_1047","Prenom_1047","Finance","5","Marketing","2019-04-05","","Активен","2452","7,32","2019","76,33","89,67","Высокая","2024-10-01"
"423","Nom_423","Prenom_423","Developpeur","7","Service Client","2019-04-09","","Активен","1498","7,31","2019","78,33","72,33","Средняя","2024-10-01"
"358","Nom_358","Prenom_358","RH","1","Ressources Humaines","2019-04-09","","Активен","3999","7,31","2019","74,5","77","Средняя","2024-10-01"
"147","Nom_147","Prenom_147","Manager","2","Finance","2019-04-09","","Активен","4316","7,31","2019","71,08","82,67","Высокая","2024-10-01"
"997","Nom_997","Prenom_997","RH","4","Data & Analytics","2019-04-13","","Активен","4903","7,3","2019","75,08","89","Высокая","2024-10-01"
"934","Nom_934","Prenom_934","Developpeur","10","Direction Générale","2019-04-15","","Активен","2551","7,3","2019","75,42","82,33","Высокая","2024-10-01"
"352","Nom_352","Prenom_352","Analyste","3","Informatique","2019-04-14","","Активен","2811","7,3","2019","82,58","82,33","Высокая","2024-10-01"
"1090","Nom_1090","Prenom_1090","Developpeur","8","Opérations","2019-04-17","","Активен","1472","7,29","2019","77,17","75,33","Средняя","2024-10-01"
"1155","Nom_1155","Prenom_1155","Finance","4","Data & Analytics","2019-04-21","","Активен","2571","7,28","2019","74,08","66","Средняя","2024-10-01"
"1042","Nom_1042","Prenom_1042","Developpeur","9","Juridique","2019-04-21","","Активен","4188","7,28","2019","68,25","61","Средняя","2024-10-01"
"1157","Nom_1157","Prenom_1157","Analyste","9","Juridique","2019-04-21","","Активен","2009","7,28","2019","76,5","78,33","Средняя","2024-10-01"
"252","Nom_252","Prenom_252","Developpeur","4","Data & Analytics","2019-04-23","","Активен","1837","7,27","2019","69,75","73,33","Средняя","2024-10-01"
"547","Nom_547","Prenom_547","RH","5","Marketing","2019-04-27","","Активен","2198","7,26","2019","75,33","69","Средняя","2024-10-01"
"1211","Nom_1211","Prenom_1211","Analyste","3","Informatique","2019-04-28","","Активен","2437","7,26","2019","76,5","67,33","Средняя","2024-10-01"
"539","Nom_539","Prenom_539","RH","10","Direction Générale","2019-04-30","","Активен","3456","7,26","2019","75,75","80,33","Высокая","2024-10-01"
"1452","Nom_1452","Prenom_1452","RH","7","Service Client","2019-04-27","","Активен","3020","7,26","2019","77,92","78,33","Средняя","2024-10-01"
"275","Nom_275","Prenom_275","Finance","1","Ressources Humaines","2019-05-03","","Активен","1935","7,25","2019","78,75","83,33","Высокая","2024-10-01"
"1415","Nom_1415","Prenom_1415","Developpeur","2","Finance","2019-05-07","","Активен","4886","7,24","2019","77,08","76,33","Средняя","2024-10-01"
"1038","Nom_1038","Prenom_1038","Manager","1","Ressources Humaines","2019-05-06","","Активен","4757","7,24","2019","75,42","79,67","Средняя","2024-10-01"
"1375","Nom_1375","Prenom_1375","Manager","1","Ressources Humaines","2019-05-10","","Активен","2579","7,23","2019","77,58","75,67","Средняя","2024-10-01"
"10","Nom_10","Prenom_10","Manager","6","Ventes","2019-05-11","","Активен","1520","7,23","2019","68,5","55,33","Низкая","2024-10-01"
"443","Nom_443","Prenom_443","Developpeur","10","Direction Générale","2019-05-08","","Активен","2796","7,23","2019","64,92","60","Средняя","2024-10-01"
"830","Nom_830","Prenom_830","Developpeur","6","Ventes","2019-05-14","","Активен","4739","7,22","2019","69,92","66,67","Средняя","2024-10-01"
"1299","Nom_1299","Prenom_1299","RH","10","Direction Générale","2019-05-12","","Активен","4980","7,22","2019","82,58","86,33","Высокая","2024-10-01"
"1025","Nom_1025","Prenom_1025","Finance","2","Finance","2019-05-18","","Активен","4862","7,21","2019","79,92","89","Высокая","2024-10-01"
"1236","Nom_1236","Prenom_1236","Developpeur","1","Ressources Humaines","2019-05-20","","Активен","2669","7,2","2019","78,33","80,33","Высокая","2024-10-01"
"1398","Nom_1398","Prenom_1398","Analyste","6","Ventes","2019-05-21","","Активен","4139","7,2","2019","73,75","71,33","Средняя","2024-10-01"
"1243","Nom_1243","Prenom_1243","Analyste","5","Marketing","2019-05-19","","Активен","3579","7,2","2019","74,25","70,33","Средняя","2024-10-01"
"1318","Nom_1318","Prenom_1318","RH","1","Ressources Humaines","2019-05-25","","Активен","1481","7,19","2019","70,83","61,67","Средняя","2024-10-01"
"1315","Nom_1315","Prenom_1315","Finance","6","Ventes","2019-05-23","","Активен","2682","7,19","2019","65,83","67","Средняя","2024-10-01"
"1145","Nom_1145","Prenom_1145","Analyste","4","Data & Analytics","2019-05-25","","Активен","1546","7,19","2019","74,5","74,67","Средняя","2024-10-01"
"727","Nom_727","Prenom_727","Finance","9","Juridique","2019-05-24","","Активен","2564","7,19","2019","76,33","69,33","Средняя","2024-10-01"
"286","Nom_286","Prenom_286","RH","4","Data & Analytics","2019-05-24","","Активен","2657","7,19","2019","73,33","62,67","Средняя","2024-10-01"
"1493","Nom_1493","Prenom_1493","Manager","1","Ressources Humaines","2019-05-28","","Активен","4303","7,18","2019","67,67","68","Средняя","2024-10-01"
"301","Nom_301","Prenom_301","Manager","6","Ventes","2019-05-27","","Активен","1743","7,18","2019","72,08","78","Средняя","2024-10-01"
"920","Nom_920","Prenom_920","Analyste","9","Juridique","2019-05-26","","Активен","3352","7,18","2019","73,08","90,67","Высокая","2024-10-01"
"343","Nom_343","Prenom_343","Manager","9","Juridique","2019-06-01","","Активен","3957","7,17","2019","74,83","86","Высокая","2024-10-01"
"314","Nom_314","Prenom_314","Developpeur","2","Finance","2019-05-31","","Активен","3935","7,17","2019","78,5","81,67","Высокая","2024-10-01"
"1485","Nom_1485","Prenom_1485","Developpeur","3","Informatique","2019-06-05","","Активен","3958","7,16","2019","79,17","73,33","Средняя","2024-10-01"
"575","Nom_575","Prenom_575","Analyste","1","Ressources Humaines","2019-06-03","","Активен","2844","7,16","2019","78,92","89,67","Высокая","2024-10-01"
"972","Nom_972","Prenom_972","RH","7","Service Client","2019-06-03","","Активен","4854","7,16","2019","74,67","69","Средняя","2024-10-01"
"359","Nom_359","Prenom_359","Manager","8","Opérations","2019-06-02","","Активен","2743","7,16","2019","76","89,33","Высокая","2024-10-01"
"458","Nom_458","Prenom_458","Developpeur","1","Ressources Humaines","2019-06-04","","Активен","3605","7,16","2019","73,25","81,33","Высокая","2024-10-01"
"418","Nom_418","Prenom_418","Developpeur","10","Direction Générale","2019-06-07","","Активен","2853","7,15","2019","72,92","80,67","Высокая","2024-10-01"
"626","Nom_626","Prenom_626","Developpeur","1","Ressources Humaines","2019-06-09","","Активен","1696","7,15","2019","66,67","69,33","Средняя","2024-10-01"
"1342","Nom_1342","Prenom_1342","Analyste","1","Ressources Humaines","2019-06-06","","Активен","1898","7,15","2019","67,42","64","Средняя","2024-10-01"
"87","Nom_87","Prenom_87","Manager","5","Marketing","2019-06-11","","Активен","4206","7,14","2019","75,67","81","Высокая","2024-10-01"
"369","Nom_369","Prenom_369","Analyste","8","Opérations","2019-06-10","","Активен","3637","7,14","2019","80,08","88,67","Высокая","2024-10-01"
"1012","Nom_1012","Prenom_1012","Developpeur","3","Informatique","2019-06-15","","Активен","2772","7,13","2019","74,67","64,67","Средняя","2024-10-01"
"52","Nom_52","Prenom_52","Developpeur","6","Ventes","2019-06-16","","Активен","2588","7,13","2019","70,33","71,67","Средняя","2024-10-01"
"798","Nom_798","Prenom_798","Developpeur","2","Finance","2019-06-16","","Активен","2859","7,13","2019","81,58","78,33","Средняя","2024-10-01"
"769","Nom_769","Prenom_769","RH","5","Marketing","2019-06-19","","Активен","4365","7,12","2019","75,42","73,33","Средняя","2024-10-01"
"1253","Nom_1253","Prenom_1253","Finance","5","Marketing","2019-06-21","","Активен","3276","7,11","2019","76,42","87,33","Высокая","2024-10-01"
"1224","Nom_1224","Prenom_1224","Manager","8","Opérations","2019-06-22","","Активен","4336","7,11","2019","75,08","82,67","Высокая","2024-10-01"
"805","Nom_805","Prenom_805","Analyste","1","Ressources Humaines","2019-06-22","","Активен","3828","7,11","2019","73,5","71,67","Средняя","2024-10-01"
"835","Nom_835","Prenom_835","Analyste","10","Direction Générale","2019-06-22","","Активен","1629","7,11","2019","70,58","60,33","Средняя","2024-10-01"
"923","Nom_923","Prenom_923","Analyste","1","Ressources Humaines","2019-06-26","","Активен","4279","7,1","2019","75,75","83,67","Высокая","2024-10-01"
"1479","Nom_1479","Prenom_1479","Manager","1","Ressources Humaines","2019-06-26","","Активен","4629","7,1","2019","70,08","75","Средняя","2024-10-01"
"430","Nom_430","Prenom_430","RH","4","Data & Analytics","2019-06-30","","Активен","3609","7,09","2019","68,33","58,67","Низкая","2024-10-01"
"1026","Nom_1026","Prenom_1026","Developpeur","1","Ressources Humaines","2019-07-03","","Активен","4845","7,08","2019","72","69","Средняя","2024-10-01"
"109","Nom_109","Prenom_109","Analyste","5","Marketing","2019-07-07","","Активен","2079","7,07","2019","76,08","68,67","Средняя","2024-10-01"
"38","Nom_38","Prenom_38","Analyste","6","Ventes","2019-07-09","","Активен","1038","7,06","2019","74,33","71","Средняя","2024-10-01"
"211","Nom_211","Prenom_211","Developpeur","3","Informatique","2019-07-09","","Активен","1914","7,06","2019","69,67","70,67","Средняя","2024-10-01"
"436","Nom_436","Prenom_436","Analyste","10","Direction Générale","2019-07-10","","Активен","3347","7,06","2019","75,25","68","Средняя","2024-10-01"
"820","Nom_820","Prenom_820","RH","2","Finance","2019-07-09","","Активен","4813","7,06","2019","70,33","62,67","Средняя","2024-10-01"
"681","Nom_681","Prenom_681","Finance","3","Informatique","2019-07-11","","Активен","4012","7,06","2019","79,25","62,67","Средняя","2024-10-01"
"1218","Nom_1218","Prenom_1218","Finance","2","Finance","2019-07-13","","Активен","2031","7,05","2019","66,25","70,33","Средняя","2024-10-01"
"1352","Nom_1352","Prenom_1352","RH","6","Ventes","2019-07-15","","Активен","2848","7,05","2019","79,83","71,33","Средняя","2024-10-01"
"282","Nom_282","Prenom_282","Finance","6","Ventes","2019-07-17","","Активен","4055","7,04","2019","80,42","76","Средняя","2024-10-01"
"273","Nom_273","Prenom_273","Analyste","4","Data & Analytics","2019-07-22","","Активен","4305","7,03","2019","80,42","72","Средняя","2024-10-01"
"88","Nom_88","Prenom_88","Analyste","5","Marketing","2019-07-21","","Активен","1531","7,03","2019","69,83","71,33","Средняя","2024-10-01"
"841","Nom_841","Prenom_841","RH","1","Ressources Humaines","2019-07-22","","Активен","4206","7,03","2019","80,75","72,33","Средняя","2024-10-01"
"165","Nom_165","Prenom_165","Developpeur","6","Ventes","2019-07-26","","Активен","1657","7,02","2019","81,33","79,67","Средняя","2024-10-01"
"1037","Nom_1037","Prenom_1037","Manager","1","Ressources Humaines","2019-07-24","","Активен","2266","7,02","2019","73,5","78","Средняя","2024-10-01"
"72","Nom_72","Prenom_72","Finance","6","Ventes","2019-07-25","","Активен","4564","7,02","2019","73,83","79","Средняя","2024-10-01"
"340","Nom_340","Prenom_340","Manager","1","Ressources Humaines","2019-07-27","","Активен","4931","7,01","2019","74,17","78,33","Средняя","2024-10-01"
"1086","Nom_1086","Prenom_1086","RH","9","Juridique","2019-08-02","","Активен","1992","7","2019","76,67","78,67","Средняя","2024-10-01"
"107","Nom_107","Prenom_107","Analyste","8","Opérations","2019-08-05","","Активен","1697","6,99","2019","75,58","72,33","Средняя","2024-10-01"
"1363","Nom_1363","Prenom_1363","Finance","9","Juridique","2019-08-04","","Активен","2671","6,99","2019","67,92","81","Высокая","2024-10-01"
"788","Nom_788","Prenom_788","Analyste","6","Ventes","2019-08-05","","Активен","986","6,99","2019","73,08","78,33","Средняя","2024-10-01"
"593","Nom_593","Prenom_593","Manager","1","Ressources Humaines","2019-08-06","","Активен","4859","6,99","2019","66","58,33","Низкая","2024-10-01"
"699","Nom_699","Prenom_699","Analyste","8","Opérations","2019-08-05","","Активен","1675","6,99","2019","81,5","87","Высокая","2024-10-01"
"1397","Nom_1397","Prenom_1397","Manager","10","Direction Générale","2019-08-06","","Активен","1987","6,99","2019","70,25","80,33","Высокая","2024-10-01"
"255","Nom_255","Prenom_255","Finance","9","Juridique","2019-08-08","","Активен","4026","6,98","2019","74,67","76","Средняя","2024-10-01"
"921","Nom_921","Prenom_921","Developpeur","8","Opérations","2019-08-12","","Активен","4609","6,97","2019","71","58","Низкая","2024-10-01"
"398","Nom_398","Prenom_398","Finance","2","Finance","2019-08-14","","Активен","2052","6,97","2019","70,83","71,33","Средняя","2024-10-01"
"1233","Nom_1233","Prenom_1233","Analyste","2","Finance","2019-08-13","","Активен","3896","6,97","2019","73,67","73,33","Средняя","2024-10-01"
"1156","Nom_1156","Prenom_1156","RH","1","Ressources Humaines","2019-08-16","","Активен","1221","6,96","2019","75,75","97,33","Высокая","2024-10-01"
"1200","Nom_1200","Prenom_1200","Analyste","6","Ventes","2019-08-17","","Активен","1139","6,96","2019","81,25","76,67","Средняя","2024-10-01"
"1362","Nom_1362","Prenom_1362","Analyste","4","Data & Analytics","2019-08-16","","Активен","3777","6,96","2019","78,08","79","Средняя","2024-10-01"
"1074","Nom_1074","Prenom_1074","Analyste","1","Ressources Humaines","2019-08-21","","Активен","2573","6,95","2019","81,17","78,67","Средняя","2024-10-01"
"181","Nom_181","Prenom_181","RH","8","Opérations","2019-08-19","","Активен","3734","6,95","2019","70,75","70,33","Средняя","2024-10-01"
"391","Nom_391","Prenom_391","Finance","7","Service Client","2019-08-18","","Активен","986","6,95","2019","68,75","79","Средняя","2024-10-01"
"1152","Nom_1152","Prenom_1152","Finance","1","Ressources Humaines","2019-08-21","","Активен","3106","6,95","2019","82","79,67","Средняя","2024-10-01"
"132","Nom_132","Prenom_132","Developpeur","2","Finance","2019-08-19","","Активен","3772","6,95","2019","75,08","80","Высокая","2024-10-01"
"981","Nom_981","Prenom_981","Developpeur","10","Direction Générale","2019-08-24","","Активен","3578","6,94","2019","74,75","70,67","Средняя","2024-10-01"
"754","Nom_754","Prenom_754","Developpeur","5","Marketing","2019-08-23","","Активен","1640","6,94","2019","75,25","86,33","Высокая","2024-10-01"
"1272","Nom_1272","Prenom_1272","Manager","8","Opérations","2019-08-24","","Активен","2551","6,94","2019","76,83","92","Высокая","2024-10-01"
"58","Nom_58","Prenom_58","RH","9","Juridique","2019-08-30","","Активен","3479","6,92","2019","71,33","64,33","Средняя","2024-10-01"
"1197","Nom_1197","Prenom_1197","Developpeur","4","Data & Analytics","2019-08-31","","Активен","1703","6,92","2019","82,17","79","Средняя","2024-10-01"
"1456","Nom_1456","Prenom_1456","RH","3","Informatique","2019-09-01","","Активен","4792","6,92","2019","78,25","77,33","Средняя","2024-10-01"
"270","Nom_270","Prenom_270","RH","5","Marketing","2019-09-04","","Активен","4625","6,91","2019","72,83","79,33","Средняя","2024-10-01"
"573","Nom_573","Prenom_573","Manager","4","Data & Analytics","2019-09-04","","Активен","1427","6,91","2019","79","87","Высокая","2024-10-01"
"464","Nom_464","Prenom_464","Analyste","1","Ressources Humaines","2019-09-03","","Активен","1297","6,91","2019","67,25","68,33","Средняя","2024-10-01"
"973","Nom_973","Prenom_973","Manager","1","Ressources Humaines","2019-09-07","","Активен","1735","6,9","2019","73,42","66","Средняя","2024-10-01"
"1011","Nom_1011","Prenom_1011","RH","5","Marketing","2019-09-06","","Активен","2958","6,9","2019","70,5","62","Средняя","2024-10-01"
"329","Nom_329","Prenom_329","Developpeur","1","Ressources Humaines","2019-09-11","","Активен","2742","6,89","2019","71,83","85,33","Высокая","2024-10-01"
"26","Nom_26","Prenom_26","Manager","1","Ressources Humaines","2019-09-10","","Активен","4160","6,89","2019","71","72,67","Средняя","2024-10-01"
"437","Nom_437","Prenom_437","RH","2","Finance","2019-09-10","","Активен","3564","6,89","2019","70,67","66","Средняя","2024-10-01"
"353","Nom_353","Prenom_353","Analyste","7","Service Client","2019-09-11","","Активен","4173","6,89","2019","70,25","65,33","Средняя","2024-10-01"
"905","Nom_905","Prenom_905","Analyste","1","Ressources Humaines","2019-09-13","","Активен","1644","6,88","2019","78,33","85","Высокая","2024-10-01"
"1246","Nom_1246","Prenom_1246","Developpeur","6","Ventes","2019-09-16","","Активен","2831","6,87","2019","76,92","70","Средняя","2024-10-01"
"1251","Nom_1251","Prenom_1251","Manager","3","Informatique","2019-09-18","","Активен","4303","6,87","2019","79,58","84","Высокая","2024-10-01"
"717","Nom_717","Prenom_717","Developpeur","6","Ventes","2019-09-22","","Активен","3341","6,86","2019","78,25","89","Высокая","2024-10-01"
"318","Nom_318","Prenom_318","Analyste","8","Opérations","2019-09-20","","Активен","3211","6,86","2019","77,08","75,67","Средняя","2024-10-01"
"979","Nom_979","Prenom_979","Developpeur","9","Juridique","2019-09-25","","Активен","4661","6,85","2019","78,58","67,33","Средняя","2024-10-01"
"532","Nom_532","Prenom_532","Finance","1","Ressources Humaines","2019-09-26","","Активен","3976","6,85","2019","73,75","74","Средняя","2024-10-01"
"1288","Nom_1288","Prenom_1288","RH","7","Service Client","2019-09-27","","Активен","3439","6,84","2019","65,5","66,33","Средняя","2024-10-01"
"90","Nom_90","Prenom_90","Developpeur","7","Service Client","2019-09-27","","Активен","3920","6,84","2019","77,75","73,33","Средняя","2024-10-01"
"21","Nom_21","Prenom_21","Analyste","1","Ressources Humaines","2019-10-04","","Активен","946","6,83","2019","72,08","67,33","Средняя","2024-10-01"
"698","Nom_698","Prenom_698","RH","5","Marketing","2019-10-06","","Активен","4375","6,82","2019","67","66,67","Средняя","2024-10-01"
"279","Nom_279","Prenom_279","Finance","8","Opérations","2019-10-07","","Активен","2119","6,82","2019","75,58","68,33","Средняя","2024-10-01"
"426","Nom_426","Prenom_426","RH","6","Ventes","2019-10-07","","Активен","4708","6,82","2019","77,92","63,33","Средняя","2024-10-01"
"1054","Nom_1054","Prenom_1054","Manager","7","Service Client","2019-10-08","","Активен","1180","6,81","2019","73,83","82","Высокая","2024-10-01"
"402","Nom_402","Prenom_402","Developpeur","9","Juridique","2019-10-11","","Активен","4003","6,81","2019","77,25","74,33","Средняя","2024-10-01"
"644","Nom_644","Prenom_644","Developpeur","4","Data & Analytics","2019-10-12","","Активен","1389","6,8","2019","71,83","76","Средняя","2024-10-01"
"1350","Nom_1350","Prenom_1350","Finance","10","Direction Générale","2019-10-16","","Активен","1858","6,79","2019","77,25","75","Средняя","2024-10-01"
"128","Nom_128","Prenom_128","Developpeur","1","Ressources Humaines","2019-10-16","","Активен","2088","6,79","2019","76","68,33","Средняя","2024-10-01"
"278","Nom_278","Prenom_278","Developpeur","1","Ressources Humaines","2019-10-21","","Активен","1006","6,78","2019","74,83","71,67","Средняя","2024-10-01"
"99","Nom_99","Prenom_99","Finance","3","Informatique","2019-10-23","","Активен","802","6,77","2019","71,67","86,33","Высокая","2024-10-01"
"1305","Nom_1305","Prenom_1305","Manager","6","Ventes","2019-10-23","","Активен","1426","6,77","2019","75","81","Высокая","2024-10-01"
"1394","Nom_1394","Prenom_1394","Manager","4","Data & Analytics","2019-10-29","","Активен","3114","6,76","2019","70,08","65","Средняя","2024-10-01"
"429","Nom_429","Prenom_429","Finance","2","Finance","2019-10-29","","Активен","3134","6,76","2019","70,75","85,33","Высокая","2024-10-01"
"1103","Nom_1103","Prenom_1103","Analyste","8","Opérations","2019-10-30","","Активен","4850","6,75","2019","78,58","78","Средняя","2024-10-01"
"504","Nom_504","Prenom_504","Analyste","6","Ventes","2019-11-01","","Активен","1292","6,75","2019","73,5","70,33","Средняя","2024-10-01"
"1451","Nom_1451","Prenom_1451","Analyste","2","Finance","2019-11-09","","Активен","4574","6,73","2019","64,67","66","Средняя","2024-10-01"
"501","Nom_501","Prenom_501","Manager","1","Ressources Humaines","2019-11-10","","Активен","1223","6,72","2019","77,08","74,33","Средняя","2024-10-01"
"56","Nom_56","Prenom_56","Finance","6","Ventes","2019-11-12","","Активен","4693","6,72","2019","75,42","68,67","Средняя","2024-10-01"
"1174","Nom_1174","Prenom_1174","RH","4","Data & Analytics","2019-11-11","","Активен","1753","6,72","2019","73,58","77,67","Средняя","2024-10-01"
"226","Nom_226","Prenom_226","Manager","10","Direction Générale","2019-11-14","","Активен","1719","6,71","2019","75,17","63,67","Средняя","2024-10-01"
"1241","Nom_1241","Prenom_1241","RH","6","Ventes","2019-11-16","","Активен","3026","6,71","2019","74,17","84,67","Высокая","2024-10-01"
"1271","Nom_1271","Prenom_1271","RH","9","Juridique","2019-11-14","","Активен","2251","6,71","2019","71,17","72,33","Средняя","2024-10-01"
"1372","Nom_1372","Prenom_1372","RH","4","Data & Analytics","2019-11-20","","Активен","2840","6,7","2019","73,58","68,67","Средняя","2024-10-01"
"480","Nom_480","Prenom_480","Finance","3","Informatique","2019-11-17","","Активен","3586","6,7","2019","73,5","79","Средняя","2024-10-01"
"1259","Nom_1259","Prenom_1259","Analyste","6","Ventes","2019-11-17","","Активен","1889","6,7","2019","70,08","61,67","Средняя","2024-10-01"
"1227","Nom_1227","Prenom_1227","Manager","7","Service Client","2019-11-22","","Активен","2317","6,69","2019","74,17","70,67","Средняя","2024-10-01"
"3","Nom_3","Prenom_3","Manager","1","Ressources Humaines","2019-11-27","","Активен","2447","6,68","2019","68,33","61,67","Средняя","2024-10-01"
"1262","Nom_1262","Prenom_1262","Analyste","7","Service Client","2019-11-25","","Активен","3660","6,68","2019","67,75","62,67","Средняя","2024-10-01"
"1273","Nom_1273","Prenom_1273","Analyste","10","Direction Générale","2019-11-30","","Активен","3080","6,67","2019","83,25","84,67","Высокая","2024-10-01"
"621","Nom_621","Prenom_621","Finance","1","Ressources Humaines","2019-12-02","","Активен","1414","6,66","2019","75,5","75,33","Средняя","2024-10-01"
"362","Nom_362","Prenom_362","Developpeur","8","Opérations","2019-12-04","","Активен","3936","6,66","2019","71,83","77","Средняя","2024-10-01"
"1094","Nom_1094","Prenom_1094","Manager","5","Marketing","2019-12-03","","Активен","2339","6,66","2019","64,33","69,33","Средняя","2024-10-01"
"309","Nom_309","Prenom_309","Developpeur","7","Service Client","2019-12-04","","Активен","2030","6,66","2019","69,17","77","Средняя","2024-10-01"
"103","Nom_103","Prenom_103","Developpeur","6","Ventes","2019-12-04","","Активен","3690","6,66","2019","70,83","74,33","Средняя","2024-10-01"
"596","Nom_596","Prenom_596","RH","8","Opérations","2019-12-07","","Активен","991","6,65","2019","73,08","75,67","Средняя","2024-10-01"
"321","Nom_321","Prenom_321","RH","1","Ressources Humaines","2019-12-12","","Активен","3123","6,64","2019","68,75","74,67","Средняя","2024-10-01"
"14","Nom_14","Prenom_14","Developpeur","8","Opérations","2019-12-10","","Активен","914","6,64","2019","72,08","75,67","Средняя","2024-10-01"
"1393","Nom_1393","Prenom_1393","Analyste","3","Informatique","2019-12-12","","Активен","1940","6,64","2019","70,92","83,67","Высокая","2024-10-01"
"1089","Nom_1089","Prenom_1089","RH","5","Marketing","2019-12-16","","Активен","4177","6,63","2019","65,5","76","Средняя","2024-10-01"
"819","Nom_819","Prenom_819","Manager","8","Opérations","2019-12-14","","Активен","4782","6,63","2019","78,25","88,67","Высокая","2024-10-01"
"1190","Nom_1190","Prenom_1190","Developpeur","4","Data & Analytics","2019-12-16","","Активен","834","6,63","2019","71,33","68,67","Средняя","2024-10-01"
"1464","Nom_1464","Prenom_1464","Finance","9","Juridique","2019-12-13","","Активен","2107","6,63","2019","67,33","71,33","Средняя","2024-10-01"
"602","Nom_602","Prenom_602","Manager","2","Finance","2019-12-23","","Активен","2852","6,61","2019","75,92","80,33","Высокая","2024-10-01"
"1410","Nom_1410","Prenom_1410","Finance","1","Ressources Humaines","2019-12-22","","Активен","1974","6,61","2019","74,83","77","Средняя","2024-10-01"
"1051","Nom_1051","Prenom_1051","RH","3","Informatique","2019-12-26","","Активен","2712","6,6","2019","78,75","77","Средняя","2024-10-01"
"868","Nom_868","Prenom_868","Manager","7","Service Client","2019-12-24","","Активен","1961","6,6","2019","69,25","61,67","Средняя","2024-10-01"
"1395","Nom_1395","Prenom_1395","RH","8","Opérations","2019-12-29","","Активен","3332","6,59","2019","76,08","72","Средняя","2024-10-01"
"1113","Nom_1113","Prenom_1113","Analyste","6","Ventes","2019-12-31","","Активен","4422","6,58","2019","78,83","77","Средняя","2024-10-01"
"1442","Nom_1442","Prenom_1442","Developpeur","9","Juridique","2020-01-06","","Активен","3717","6,57","2020","75,17","67","Средняя","2024-10-01"
"533","Nom_533","Prenom_533","Developpeur","3","Informatique","2020-01-05","","Активен","2051","6,57","2020","76,5","73","Средняя","2024-10-01"
"918","Nom_918","Prenom_918","RH","4","Data & Analytics","2020-01-09","","Активен","1321","6,56","2020","80,67","79","Средняя","2024-10-01"
"129","Nom_129","Prenom_129","Finance","4","Data & Analytics","2020-01-14","","Активен","3742","6,55","2020","80,75","87,33","Высокая","2024-10-01"
"632","Nom_632","Prenom_632","RH","8","Opérations","2020-01-15","","Активен","4062","6,54","2020","70","72,33","Средняя","2024-10-01"
"110","Nom_110","Prenom_110","Finance","4","Data & Analytics","2020-01-15","","Активен","1470","6,54","2020","78,83","62,33","Средняя","2024-10-01"
"937","Nom_937","Prenom_937","Finance","8","Opérations","2020-01-20","","Активен","4931","6,53","2020","75,08","73,67","Средняя","2024-10-01"
"260","Nom_260","Prenom_260","Finance","1","Ressources Humaines","2020-01-20","","Активен","4214","6,53","2020","70,75","77","Средняя","2024-10-01"
"18","Nom_18","Prenom_18","Developpeur","7","Service Client","2020-01-21","","Активен","3053","6,53","2020","72,58","82,33","Высокая","2024-10-01"
"1460","Nom_1460","Prenom_1460","RH","4","Data & Analytics","2020-01-21","","Активен","2262","6,53","2020","78,42","80,67","Высокая","2024-10-01"
"818","Nom_818","Prenom_818","Analyste","6","Ventes","2020-01-22","","Активен","4164","6,52","2020","75,75","77,33","Средняя","2024-10-01"
"982","Nom_982","Prenom_982","RH","4","Data & Analytics","2020-01-24","","Активен","2070","6,52","2020","72,83","66,67","Средняя","2024-10-01"
"902","Nom_902","Prenom_902","Analyste","8","Opérations","2020-01-25","","Активен","4667","6,52","2020","73,42","71","Средняя","2024-10-01"
"125","Nom_125","Prenom_125","Developpeur","5","Marketing","2020-01-27","","Активен","4412","6,51","2020","73,92","66,67","Средняя","2024-10-01"
"1329","Nom_1329","Prenom_1329","Analyste","5","Marketing","2020-01-26","","Активен","4629","6,51","2020","75,92","78","Средняя","2024-10-01"
"164","Nom_164","Prenom_164","Analyste","7","Service Client","2020-01-28","","Активен","1170","6,51","2020","77,58","77,33","Средняя","2024-10-01"
"645","Nom_645","Prenom_645","Developpeur","6","Ventes","2020-02-01","","Активен","3621","6,5","2020","75,92","72","Средняя","2024-10-01"
"731","Nom_731","Prenom_731","Analyste","9","Juridique","2020-01-31","","Активен","3471","6,5","2020","74,67","76,67","Средняя","2024-10-01"
"708","Nom_708","Prenom_708","Finance","8","Opérations","2020-02-01","","Активен","1457","6,5","2020","77,58","80,67","Высокая","2024-10-01"
"161","Nom_161","Prenom_161","Finance","2","Finance","2020-02-02","","Активен","4601","6,49","2020","75,5","69,67","Средняя","2024-10-01"
"483","Nom_483","Prenom_483","Manager","6","Ventes","2020-02-04","","Активен","4671","6,49","2020","71,75","75,33","Средняя","2024-10-01"
"747","Nom_747","Prenom_747","RH","1","Ressources Humaines","2020-02-02","","Активен","1578","6,49","2020","82,5","79,67","Средняя","2024-10-01"
"372","Nom_372","Prenom_372","Finance","7","Service Client","2020-02-02","","Активен","4242","6,49","2020","73,75","70,67","Средняя","2024-10-01"
"986","Nom_986","Prenom_986","Developpeur","8","Opérations","2020-02-05","","Активен","4842","6,49","2020","69,67","75","Средняя","2024-10-01"
"379","Nom_379","Prenom_379","Finance","1","Ressources Humaines","2020-02-05","","Активен","4935","6,49","2020","72,5","74,67","Средняя","2024-10-01"
"84","Nom_84","Prenom_84","Manager","8","Opérations","2020-02-06","","Активен","3563","6,48","2020","72","74","Средняя","2024-10-01"
"938","Nom_938","Prenom_938","Analyste","1","Ressources Humaines","2020-02-09","","Активен","2508","6,48","2020","77,5","78,33","Средняя","2024-10-01"
"342","Nom_342","Prenom_342","Manager","6","Ventes","2020-02-08","","Активен","4665","6,48","2020","73,33","76,67","Средняя","2024-10-01"
"298","Nom_298","Prenom_298","Analyste","4","Data & Analytics","2020-02-07","","Активен","1775","6,48","2020","72,42","73,67","Средняя","2024-10-01"
"472","Nom_472","Prenom_472","Developpeur","6","Ventes","2020-02-12","","Активен","3561","6,47","2020","66,33","68,67","Средняя","2024-10-01"
"143","Nom_143","Prenom_143","Manager","2","Finance","2020-02-11","","Активен","2293","6,47","2020","74,5","86,33","Высокая","2024-10-01"
"670","Nom_670","Prenom_670","Analyste","6","Ventes","2020-02-17","","Активен","3266","6,45","2020","72","71","Средняя","2024-10-01"
"661","Nom_661","Prenom_661","Developpeur","10","Direction Générale","2020-02-22","","Активен","4403","6,44","2020","79","85","Высокая","2024-10-01"
"127","Nom_127","Prenom_127","Analyste","3","Informatique","2020-02-23","","Активен","3963","6,44","2020","76,5","69","Средняя","2024-10-01"
"1463","Nom_1463","Prenom_1463","Analyste","7","Service Client","2020-02-22","","Активен","4353","6,44","2020","75,83","78,33","Средняя","2024-10-01"
"1312","Nom_1312","Prenom_1312","Developpeur","2","Finance","2020-02-26","","Активен","4334","6,43","2020","75,5","82,67","Высокая","2024-10-01"
"1341","Nom_1341","Prenom_1341","Finance","7","Service Client","2020-02-24","","Активен","1701","6,43","2020","73,25","72,33","Средняя","2024-10-01"
"1436","Nom_1436","Prenom_1436","Finance","4","Data & Analytics","2020-02-24","","Активен","4189","6,43","2020","76,92","76,33","Средняя","2024-10-01"
"1166","Nom_1166","Prenom_1166","RH","7","Service Client","2020-02-29","","Активен","3956","6,42","2020","67,83","79","Средняя","2024-10-01"
"595","Nom_595","Prenom_595","RH","1","Ressources Humaines","2020-03-07","","Активен","2486","6,4","2020","75,25","73,33","Средняя","2024-10-01"
"996","Nom_996","Prenom_996","Analyste","10","Direction Générale","2020-03-10","","Активен","1651","6,39","2020","71,25","74","Средняя","2024-10-01"
"1008","Nom_1008","Prenom_1008","Analyste","3","Informatique","2020-03-10","","Активен","4312","6,39","2020","70,75","79,33","Средняя","2024-10-01"
"975","Nom_975","Prenom_975","Developpeur","8","Opérations","2020-03-13","","Активен","3138","6,38","2020","75,42","75,33","Средняя","2024-10-01"
"394","Nom_394","Prenom_394","Manager","10","Direction Générale","2020-03-13","","Активен","2732","6,38","2020","78,5","88,33","Высокая","2024-10-01"
"511","Nom_511","Prenom_511","Finance","6","Ventes","2020-03-19","","Активен","4020","6,37","2020","70,17","76","Средняя","2024-10-01"
"795","Nom_795","Prenom_795","Finance","8","Opérations","2020-03-20","","Активен","3130","6,37","2020","70,92","73,33","Средняя","2024-10-01"
"714","Nom_714","Prenom_714","Manager","10","Direction Générale","2020-03-20","","Активен","3197","6,37","2020","78,42","82","Высокая","2024-10-01"
"1009","Nom_1009","Prenom_1009","Analyste","4","Data & Analytics","2020-03-22","","Активен","2299","6,36","2020","85,58","96","Высокая","2024-10-01"
"907","Nom_907","Prenom_907","Manager","4","Data & Analytics","2020-03-25","","Активен","2184","6,35","2020","70,83","56","Низкая","2024-10-01"
"963","Nom_963","Prenom_963","Manager","5","Marketing","2020-03-24","","Активен","1171","6,35","2020","74,5","74,67","Средняя","2024-10-01"
"590","Nom_590","Prenom_590","Analyste","8","Opérations","2020-03-28","","Активен","2787","6,34","2020","75,17","83,67","Высокая","2024-10-01"
"93","Nom_93","Prenom_93","Analyste","2","Finance","2020-03-31","","Активен","3182","6,34","2020","78,25","74,33","Средняя","2024-10-01"
"813","Nom_813","Prenom_813","RH","10","Direction Générale","2020-03-31","","Активен","4534","6,34","2020","73,58","69","Средняя","2024-10-01"
"718","Nom_718","Prenom_718","Developpeur","6","Ventes","2020-03-30","","Активен","3875","6,34","2020","77,42","81,67","Высокая","2024-10-01"
"679","Nom_679","Prenom_679","Manager","3","Informatique","2020-04-01","","Активен","1873","6,33","2020","74,58","88","Высокая","2024-10-01"
"956","Nom_956","Prenom_956","RH","2","Finance","2020-04-01","","Активен","3164","6,33","2020","79,67","74,67","Средняя","2024-10-01"
"894","Nom_894","Prenom_894","Finance","7","Service Client","2020-04-05","","Активен","1617","6,32","2020","68,58","64,33","Средняя","2024-10-01"
"383","Nom_383","Prenom_383","Analyste","3","Informatique","2020-04-04","","Активен","4715","6,32","2020","74,25","78","Средняя","2024-10-01"
"1","Nom_1","Prenom_1","Analyste","9","Juridique","2020-04-11","","Активен","3500","6,31","2020","65,92","68,33","Средняя","2024-10-01"
"292","Nom_292","Prenom_292","Finance","4","Data & Analytics","2020-04-08","","Активен","3723","6,31","2020","78,5","74,33","Средняя","2024-10-01"
"385","Nom_385","Prenom_385","Manager","4","Data & Analytics","2020-04-14","","Активен","2034","6,3","2020","67,92","70,67","Средняя","2024-10-01"
"1206","Nom_1206","Prenom_1206","Analyste","5","Marketing","2020-04-12","","Активен","2856","6,3","2020","73,67","72,33","Средняя","2024-10-01"
"313","Nom_313","Prenom_313","Analyste","9","Juridique","2020-04-17","","Активен","4656","6,29","2020","79,17","77,33","Средняя","2024-10-01"
"1108","Nom_1108","Prenom_1108","Analyste","4","Data & Analytics","2020-04-18","","Активен","2236","6,29","2020","74,08","64,33","Средняя","2024-10-01"
"486","Nom_486","Prenom_486","Analyste","2","Finance","2020-04-15","","Активен","4108","6,29","2020","67,75","66,67","Средняя","2024-10-01"
"594","Nom_594","Prenom_594","Developpeur","1","Ressources Humaines","2020-04-18","","Активен","3573","6,29","2020","76,33","70,67","Средняя","2024-10-01"
"812","Nom_812","Prenom_812","Manager","6","Ventes","2020-04-20","","Активен","1725","6,28","2020","71,67","67","Средняя","2024-10-01"
"1338","Nom_1338","Prenom_1338","Analyste","1","Ressources Humaines","2020-04-22","","Активен","4202","6,28","2020","76,92","75","Средняя","2024-10-01"
"419","Nom_419","Prenom_419","RH","5","Marketing","2020-04-21","","Активен","2029","6,28","2020","69,67","58,33","Низкая","2024-10-01"
"941","Nom_941","Prenom_941","Manager","6","Ventes","2020-04-20","","Активен","3576","6,28","2020","74,17","83,67","Высокая","2024-10-01"
"1462","Nom_1462","Prenom_1462","Developpeur","10","Direction Générale","2020-04-19","","Активен","4254","6,28","2020","69,92","59,33","Низкая","2024-10-01"
"30","Nom_30","Prenom_30","RH","2","Finance","2020-04-19","","Активен","3042","6,28","2020","68,42","69,67","Средняя","2024-10-01"
"1496","Nom_1496","Prenom_1496","Analyste","9","Juridique","2020-04-20","","Активен","1171","6,28","2020","78,75","66,33","Средняя","2024-10-01"
"1134","Nom_1134","Prenom_1134","RH","1","Ressources Humaines","2020-04-29","","Активен","2347","6,26","2020","79,67","75","Средняя","2024-10-01"
"179","Nom_179","Prenom_179","Developpeur","4","Data & Analytics","2020-04-29","","Активен","3235","6,26","2020","72,08","78","Средняя","2024-10-01"
"563","Nom_563","Prenom_563","Developpeur","10","Direction Générale","2020-05-02","","Активен","4564","6,25","2020","73,17","94","Высокая","2024-10-01"
"965","Nom_965","Prenom_965","RH","2","Finance","2020-05-02","","Активен","3053","6,25","2020","72,58","65,33","Средняя","2024-10-01"
"459","Nom_459","Prenom_459","Developpeur","4","Data & Analytics","2020-05-04","","Активен","1521","6,24","2020","80,33","75,67","Средняя","2024-10-01"
"761","Nom_761","Prenom_761","Developpeur","9","Juridique","2020-05-06","","Активен","3771","6,24","2020","77,42","71","Средняя","2024-10-01"
"111","Nom_111","Prenom_111","Analyste","6","Ventes","2020-05-07","","Активен","2305","6,23","2020","72,75","64,67","Средняя","2024-10-01"
"624","Nom_624","Prenom_624","Analyste","7","Service Client","2020-05-11","","Активен","2387","6,22","2020","74,67","75,33","Средняя","2024-10-01"
"650","Nom_650","Prenom_650","Developpeur","3","Informatique","2020-05-13","","Активен","1068","6,22","2020","79,75","89","Высокая","2024-10-01"
"428","Nom_428","Prenom_428","Finance","6","Ventes","2020-05-11","","Активен","4216","6,22","2020","64,67","65,33","Средняя","2024-10-01"
"159","Nom_159","Prenom_159","Analyste","9","Juridique","2020-05-17","","Активен","4078","6,21","2020","74,58","79","Средняя","2024-10-01"
"888","Nom_888","Prenom_888","RH","4","Data & Analytics","2020-05-16","","Активен","1120","6,21","2020","77,75","87,67","Высокая","2024-10-01"
"784","Nom_784","Prenom_784","Analyste","9","Juridique","2020-05-14","","Активен","1583","6,21","2020","81,92","81,67","Высокая","2024-10-01"
"1214","Nom_1214","Prenom_1214","Manager","9","Juridique","2020-05-18","","Активен","4279","6,2","2020","77","82,67","Высокая","2024-10-01"
"821","Nom_821","Prenom_821","Developpeur","6","Ventes","2020-05-19","","Активен","3892","6,2","2020","68,92","64","Средняя","2024-10-01"
"69","Nom_69","Prenom_69","Manager","10","Direction Générale","2020-05-23","","Активен","4284","6,19","2020","72,83","55,67","Низкая","2024-10-01"
"555","Nom_555","Prenom_555","Analyste","5","Marketing","2020-05-27","","Активен","1715","6,18","2020","74,08","58","Низкая","2024-10-01"
"936","Nom_936","Prenom_936","Finance","6","Ventes","2020-05-25","","Активен","3161","6,18","2020","82,25","70","Средняя","2024-10-01"
"32","Nom_32","Prenom_32","Finance","9","Juridique","2020-05-25","","Активен","2748","6,18","2020","73","70,33","Средняя","2024-10-01"
"1279","Nom_1279","Prenom_1279","Analyste","5","Marketing","2020-05-27","","Активен","2779","6,18","2020","80,17","87,33","Высокая","2024-10-01"
"482","Nom_482","Prenom_482","Finance","10","Direction Générale","2020-05-26","","Активен","2088","6,18","2020","74,17","91,67","Высокая","2024-10-01"
"786","Nom_786","Prenom_786","Analyste","6","Ventes","2020-05-25","","Активен","2353","6,18","2020","76","77","Средняя","2024-10-01"
"618","Nom_618","Prenom_618","Manager","2","Finance","2020-05-30","","Активен","1531","6,17","2020","78,25","82,33","Высокая","2024-10-01"
"1355","Nom_1355","Prenom_1355","Developpeur","2","Finance","2020-05-31","","Активен","3997","6,17","2020","71,75","75","Средняя","2024-10-01"
"422","Nom_422","Prenom_422","Manager","9","Juridique","2020-06-01","","Активен","3753","6,17","2020","69,92","67","Средняя","2024-10-01"
"1186","Nom_1186","Prenom_1186","Developpeur","4","Data & Analytics","2020-05-30","","Активен","2970","6,17","2020","74,58","65,67","Средняя","2024-10-01"
"940","Nom_940","Prenom_940","Developpeur","2","Finance","2020-06-01","","Активен","3695","6,17","2020","83,33","80,67","Высокая","2024-10-01"
"116","Nom_116","Prenom_116","Finance","1","Ressources Humaines","2020-06-04","","Активен","4239","6,16","2020","73,83","70,33","Средняя","2024-10-01"
"605","Nom_605","Prenom_605","Finance","3","Informatique","2020-06-05","","Активен","1110","6,15","2020","79,17","84","Высокая","2024-10-01"
"1075","Nom_1075","Prenom_1075","Analyste","3","Informatique","2020-06-07","","Активен","3347","6,15","2020","74,25","80,67","Высокая","2024-10-01"
"187","Nom_187","Prenom_187","Finance","9","Juridique","2020-06-08","","Активен","4548","6,15","2020","72,58","79","Средняя","2024-10-01"
"1107","Nom_1107","Prenom_1107","Finance","5","Marketing","2020-06-09","","Активен","1307","6,14","2020","72,42","77,33","Средняя","2024-10-01"
"1234","Nom_1234","Prenom_1234","Analyste","4","Data & Analytics","2020-06-15","","Активен","4061","6,13","2020","77,83","58,33","Низкая","2024-10-01"
"1069","Nom_1069","Prenom_1069","Analyste","9","Juridique","2020-06-17","","Активен","3181","6,12","2020","69,67","64,67","Средняя","2024-10-01"
"1144","Nom_1144","Prenom_1144","Finance","1","Ressources Humaines","2020-06-20","","Активен","1984","6,11","2020","75,58","90","Высокая","2024-10-01"
"1457","Nom_1457","Prenom_1457","Developpeur","4","Data & Analytics","2020-06-20","","Активен","1713","6,11","2020","71,75","80,33","Высокая","2024-10-01"
"882","Nom_882","Prenom_882","Analyste","10","Direction Générale","2020-06-23","","Активен","1105","6,11","2020","79","80","Высокая","2024-10-01"
"470","Nom_470","Prenom_470","Manager","4","Data & Analytics","2020-06-21","","Активен","3783","6,11","2020","66,58","73","Средняя","2024-10-01"
"185","Nom_185","Prenom_185","RH","4","Data & Analytics","2020-06-24","","Активен","960","6,1","2020","68,67","77,33","Средняя","2024-10-01"
"1017","Nom_1017","Prenom_1017","Developpeur","1","Ressources Humaines","2020-06-25","","Активен","4071","6,1","2020","74,5","65","Средняя","2024-10-01"
"1198","Nom_1198","Prenom_1198","Manager","8","Opérations","2020-06-26","","Активен","4886","6,1","2020","73,5","74,33","Средняя","2024-10-01"
"1033","Nom_1033","Prenom_1033","RH","9","Juridique","2020-06-29","","Активен","3749","6,09","2020","69,67","72","Средняя","2024-10-01"
"1078","Nom_1078","Prenom_1078","Developpeur","4","Data & Analytics","2020-06-29","","Активен","3465","6,09","2020","72,67","74","Средняя","2024-10-01"
"597","Nom_597","Prenom_597","Finance","3","Informatique","2020-07-04","","Активен","2786","6,08","2020","75,33","87,33","Высокая","2024-10-01"
"308","Nom_308","Prenom_308","Manager","8","Opérations","2020-07-04","","Активен","4094","6,08","2020","76,25","78","Средняя","2024-10-01"
"1388","Nom_1388","Prenom_1388","RH","2","Finance","2020-07-03","","Активен","4641","6,08","2020","73,33","75","Средняя","2024-10-01"
"1331","Nom_1331","Prenom_1331","Analyste","3","Informatique","2020-07-07","","Активен","4272","6,07","2020","66,67","59","Низкая","2024-10-01"
"195","Nom_195","Prenom_195","Analyste","4","Data & Analytics","2020-07-10","","Активен","1489","6,06","2020","74","81,33","Высокая","2024-10-01"
"1237","Nom_1237","Prenom_1237","Developpeur","1","Ressources Humaines","2020-07-12","","Активен","2619","6,05","2020","71,58","61,33","Средняя","2024-10-01"
"561","Nom_561","Prenom_561","RH","4","Data & Analytics","2020-07-13","","Активен","1070","6,05","2020","73,25","71","Средняя","2024-10-01"
"1500","Nom_1500","Prenom_1500","Finance","7","Service Client","2020-07-14","","Активен","2191","6,05","2020","74,5","65,67","Средняя","2024-10-01"
"42","Nom_42","Prenom_42","Analyste","10","Direction Générale","2020-07-16","","Активен","3772","6,04","2020","77,08","72","Средняя","2024-10-01"
"241","Nom_241","Prenom_241","Finance","1","Ressources Humaines","2020-07-17","","Активен","1372","6,04","2020","79,33","80,33","Высокая","2024-10-01"
"61","Nom_61","Prenom_61","Developpeur","10","Direction Générale","2020-07-18","","Активен","1304","6,04","2020","73,08","76","Средняя","2024-10-01"
"393","Nom_393","Prenom_393","RH","9","Juridique","2020-07-16","","Активен","3335","6,04","2020","77,58","89","Высокая","2024-10-01"
"1441","Nom_1441","Prenom_1441","RH","2","Finance","2020-07-20","","Активен","2315","6,03","2020","79,25","87","Высокая","2024-10-01"
"740","Nom_740","Prenom_740","Developpeur","8","Opérations","2020-07-22","","Активен","1525","6,03","2020","73,83","85,67","Высокая","2024-10-01"
"79","Nom_79","Prenom_79","RH","5","Marketing","2020-07-19","","Активен","993","6,03","2020","75,08","73,33","Средняя","2024-10-01"
"447","Nom_447","Prenom_447","RH","1","Ressources Humaines","2020-07-19","","Активен","2599","6,03","2020","65,92","63,67","Средняя","2024-10-01"
"448","Nom_448","Prenom_448","Manager","8","Opérations","2020-07-23","","Активен","1114","6,02","2020","74,92","70,67","Средняя","2024-10-01"
"502","Nom_502","Prenom_502","RH","4","Data & Analytics","2020-07-23","","Активен","4278","6,02","2020","78,5","78,33","Средняя","2024-10-01"
"1216","Nom_1216","Prenom_1216","Finance","4","Data & Analytics","2020-07-27","","Активен","3113","6,01","2020","72,92","72,67","Средняя","2024-10-01"
"1298","Nom_1298","Prenom_1298","Manager","6","Ventes","2020-07-27","","Активен","3061","6,01","2020","77,17","89,33","Высокая","2024-10-01"
"1314","Nom_1314","Prenom_1314","RH","3","Informatique","2020-07-28","","Активен","2740","6,01","2020","74,58","87,33","Высокая","2024-10-01"
"497","Nom_497","Prenom_497","Analyste","6","Ventes","2020-07-28","","Активен","3353","6,01","2020","80,67","76,33","Средняя","2024-10-01"
"193","Nom_193","Prenom_193","Analyste","5","Marketing","2020-07-31","","Активен","3991","6","2020","75,5","72,67","Средняя","2024-10-01"
"1328","Nom_1328","Prenom_1328","Developpeur","10","Direction Générale","2020-08-01","","Активен","4531","6","2020","69,67","82","Высокая","2024-10-01"
"570","Nom_570","Prenom_570","Analyste","6","Ventes","2020-08-03","","Активен","4472","5,99","2020","73,67","65,33","Средняя","2024-10-01"
"348","Nom_348","Prenom_348","Analyste","9","Juridique","2020-08-09","","Активен","4766","5,98","2020","75,33","80,67","Высокая","2024-10-01"
"1277","Nom_1277","Prenom_1277","Analyste","6","Ventes","2020-08-10","","Активен","2673","5,97","2020","72,92","75,67","Средняя","2024-10-01"
"757","Nom_757","Prenom_757","Finance","8","Opérations","2020-08-10","","Активен","924","5,97","2020","72","86","Высокая","2024-10-01"
"705","Nom_705","Prenom_705","Finance","7","Service Client","2020-08-18","","Активен","3645","5,95","2020","68,25","68,67","Средняя","2024-10-01"
"1353","Nom_1353","Prenom_1353","Developpeur","1","Ressources Humaines","2020-08-20","","Активен","3276","5,95","2020","78,67","80,67","Высокая","2024-10-01"
"55","Nom_55","Prenom_55","Manager","5","Marketing","2020-08-23","","Активен","1967","5,94","2020","70,67","74","Средняя","2024-10-01"
"1300","Nom_1300","Prenom_1300","Finance","7","Service Client","2020-08-23","","Активен","3641","5,94","2020","80,75","89,67","Высокая","2024-10-01"
"657","Nom_657","Prenom_657","Analyste","10","Direction Générale","2020-08-27","","Активен","4901","5,93","2020","72,58","76,33","Средняя","2024-10-01"
"1418","Nom_1418","Prenom_1418","Manager","2","Finance","2020-08-26","","Активен","1587","5,93","2020","72,83","79,67","Средняя","2024-10-01"
"1067","Nom_1067","Prenom_1067","Analyste","3","Informatique","2020-08-26","","Активен","1877","5,93","2020","69,92","79","Средняя","2024-10-01"
"287","Nom_287","Prenom_287","RH","6","Ventes","2020-08-31","","Активен","1604","5,92","2020","82,5","78,33","Средняя","2024-10-01"
"431","Nom_431","Prenom_431","RH","3","Informatique","2020-08-29","","Активен","4358","5,92","2020","69,08","54,33","Низкая","2024-10-01"
"153","Nom_153","Prenom_153","RH","10","Direction Générale","2020-09-04","","Активен","1754","5,91","2020","66,58","58","Низкая","2024-10-01"
"1167","Nom_1167","Prenom_1167","Developpeur","9","Juridique","2020-09-04","","Активен","2390","5,91","2020","76,17","85,67","Высокая","2024-10-01"
"1307","Nom_1307","Prenom_1307","Finance","3","Informatique","2020-09-07","","Активен","4214","5,9","2020","74,92","68","Средняя","2024-10-01"
"663","Nom_663","Prenom_663","Developpeur","2","Finance","2020-09-08","","Активен","3418","5,89","2020","71,58","70,67","Средняя","2024-10-01"
"987","Nom_987","Prenom_987","RH","10","Direction Générale","2020-09-15","","Активен","3375","5,88","2020","69,33","55,67","Низкая","2024-10-01"
"322","Nom_322","Prenom_322","Developpeur","9","Juridique","2020-09-15","","Активен","4945","5,88","2020","78,5","77,67","Средняя","2024-10-01"
"1185","Nom_1185","Prenom_1185","Analyste","4","Data & Analytics","2020-09-15","","Активен","1724","5,88","2020","78","70","Средняя","2024-10-01"
"452","Nom_452","Prenom_452","RH","5","Marketing","2020-09-17","","Активен","2320","5,87","2020","68,75","64,67","Средняя","2024-10-01"
"1378","Nom_1378","Prenom_1378","Manager","4","Data & Analytics","2020-09-18","","Активен","1991","5,87","2020","78,92","73,33","Средняя","2024-10-01"
"1099","Nom_1099","Prenom_1099","Finance","6","Ventes","2020-09-16","","Активен","2083","5,87","2020","68,92","84,33","Высокая","2024-10-01"
"347","Nom_347","Prenom_347","Manager","1","Ressources Humaines","2020-09-19","","Активен","2679","5,86","2020","67,33","68","Средняя","2024-10-01"
"217","Nom_217","Prenom_217","Analyste","8","Opérations","2020-09-19","","Активен","3650","5,86","2020","79,58","82","Высокая","2024-10-01"
"749","Nom_749","Prenom_749","Finance","8","Opérations","2020-09-25","","Активен","3610","5,85","2020","65,75","73,33","Средняя","2024-10-01"
"216","Nom_216","Prenom_216","Finance","8","Opérations","2020-09-24","","Активен","3628","5,85","2020","69,83","74,33","Средняя","2024-10-01"
"554","Nom_554","Prenom_554","Developpeur","6","Ventes","2020-09-25","","Активен","2105","5,85","2020","84,08","87,67","Высокая","2024-10-01"
"773","Nom_773","Prenom_773","Analyste","3","Informatique","2020-09-25","","Активен","4226","5,85","2020","72,58","73,67","Средняя","2024-10-01"
"534","Nom_534","Prenom_534","Developpeur","2","Finance","2020-09-27","","Активен","3547","5,84","2020","79,08","74,33","Средняя","2024-10-01"
"1104","Nom_1104","Prenom_1104","Developpeur","7","Service Client","2020-09-30","","Активен","3139","5,83","2020","71,42","77","Средняя","2024-10-01"
"380","Nom_380","Prenom_380","Analyste","4","Data & Analytics","2020-10-01","","Активен","4602","5,83","2020","84","85,33","Высокая","2024-10-01"
"1466","Nom_1466","Prenom_1466","Analyste","10","Direction Générale","2020-10-01","","Активен","1487","5,83","2020","79,5","94","Высокая","2024-10-01"
"311","Nom_311","Prenom_311","Developpeur","6","Ventes","2020-10-02","","Активен","1684","5,83","2020","72,17","79","Средняя","2024-10-01"
"254","Nom_254","Prenom_254","Finance","2","Finance","2020-10-03","","Активен","3761","5,83","2020","75,08","67,67","Средняя","2024-10-01"
"155","Nom_155","Prenom_155","Manager","5","Marketing","2020-10-04","","Активен","2429","5,82","2020","74,17","68,67","Средняя","2024-10-01"
"1073","Nom_1073","Prenom_1073","Manager","5","Marketing","2020-10-06","","Активен","3810","5,82","2020","65,92","69,67","Средняя","2024-10-01"
"198","Nom_198","Prenom_198","Manager","9","Juridique","2020-10-07","","Активен","2903","5,82","2020","72,25","73,33","Средняя","2024-10-01"
"119","Nom_119","Prenom_119","Manager","5","Marketing","2020-10-09","","Активен","2303","5,81","2020","76,08","83,67","Высокая","2024-10-01"
"49","Nom_49","Prenom_49","Finance","10","Direction Générale","2020-10-08","","Активен","2576","5,81","2020","73,5","77,33","Средняя","2024-10-01"
"225","Nom_225","Prenom_225","Developpeur","3","Informatique","2020-10-10","","Активен","3309","5,81","2020","81,42","89,67","Высокая","2024-10-01"
"806","Nom_806","Prenom_806","Analyste","4","Data & Analytics","2020-10-14","","Активен","1319","5,8","2020","67,83","67,67","Средняя","2024-10-01"
"484","Nom_484","Prenom_484","RH","10","Direction Générale","2020-10-15","","Активен","2606","5,79","2020","69","68,33","Средняя","2024-10-01"
"860","Nom_860","Prenom_860","Developpeur","5","Marketing","2020-10-17","","Активен","3325","5,79","2020","76,17","65","Средняя","2024-10-01"
"531","Nom_531","Prenom_531","Analyste","3","Informatique","2020-10-17","","Активен","4159","5,79","2020","67,42","69,33","Средняя","2024-10-01"
"538","Nom_538","Prenom_538","Analyste","8","Opérations","2020-10-18","","Активен","3663","5,79","2020","74,33","71,67","Средняя","2024-10-01"
"755","Nom_755","Prenom_755","Finance","5","Marketing","2020-10-19","","Активен","2614","5,78","2020","66,42","53,33","Низкая","2024-10-01"
"409","Nom_409","Prenom_409","Finance","6","Ventes","2020-10-20","","Активен","1019","5,78","2020","66,17","62","Средняя","2024-10-01"
"295","Nom_295","Prenom_295","Manager","4","Data & Analytics","2020-10-21","","Активен","3187","5,78","2020","66,83","66,33","Средняя","2024-10-01"
"231","Nom_231","Prenom_231","RH","9","Juridique","2020-10-25","","Активен","2058","5,77","2020","69,42","81","Высокая","2024-10-01"
"1483","Nom_1483","Prenom_1483","Finance","6","Ventes","2020-10-23","","Активен","1263","5,77","2020","78,92","73","Средняя","2024-10-01"
"1473","Nom_1473","Prenom_1473","Manager","4","Data & Analytics","2020-10-25","","Активен","4768","5,77","2020","75,92","76,67","Средняя","2024-10-01"
"1444","Nom_1444","Prenom_1444","Analyste","6","Ventes","2020-10-22","","Активен","1967","5,77","2020","74,5","80","Высокая","2024-10-01"
"1180","Nom_1180","Prenom_1180","Analyste","7","Service Client","2020-10-23","","Активен","2153","5,77","2020","74,25","79,67","Средняя","2024-10-01"
"1114","Nom_1114","Prenom_1114","RH","3","Informatique","2020-10-27","","Активен","4857","5,76","2020","74,33","58,67","Низкая","2024-10-01"
"1484","Nom_1484","Prenom_1484","Developpeur","3","Informatique","2020-10-27","","Активен","1766","5,76","2020","73,5","63,67","Средняя","2024-10-01"
"1057","Nom_1057","Prenom_1057","Developpeur","5","Marketing","2020-10-28","","Активен","1898","5,76","2020","77,17","82","Высокая","2024-10-01"
"1317","Nom_1317","Prenom_1317","Analyste","9","Juridique","2020-10-26","","Активен","3959","5,76","2020","72,83","71,67","Средняя","2024-10-01"
"871","Nom_871","Prenom_871","Developpeur","8","Opérations","2020-10-29","","Активен","943","5,75","2020","77","65,67","Средняя","2024-10-01"
"974","Nom_974","Prenom_974","Finance","4","Data & Analytics","2020-11-04","","Активен","4780","5,74","2020","71","74","Средняя","2024-10-01"
"1059","Nom_1059","Prenom_1059","Developpeur","4","Data & Analytics","2020-11-02","","Активен","3370","5,74","2020","70,42","73,67","Средняя","2024-10-01"
"949","Nom_949","Prenom_949","Manager","9","Juridique","2020-11-07","","Активен","3975","5,73","2020","74,92","56,33","Низкая","2024-10-01"
"876","Nom_876","Prenom_876","Developpeur","9","Juridique","2020-11-06","","Активен","2976","5,73","2020","74,67","64","Средняя","2024-10-01"
"194","Nom_194","Prenom_194","Developpeur","4","Data & Analytics","2020-11-12","","Активен","2637","5,72","2020","77,25","93,67","Высокая","2024-10-01"
"1068","Nom_1068","Prenom_1068","RH","7","Service Client","2020-11-12","","Активен","3629","5,72","2020","77,92","77,67","Средняя","2024-10-01"
"506","Nom_506","Prenom_506","Finance","5","Marketing","2020-11-12","","Активен","1298","5,72","2020","76,58","87,33","Высокая","2024-10-01"
"450","Nom_450","Prenom_450","RH","2","Finance","2020-11-16","","Активен","1934","5,71","2020","78,5","82,33","Высокая","2024-10-01"
"1407","Nom_1407","Prenom_1407","Manager","6","Ventes","2020-11-13","","Активен","2438","5,71","2020","70,25","73","Средняя","2024-10-01"
"478","Nom_478","Prenom_478","RH","8","Opérations","2020-11-15","","Активен","3872","5,71","2020","74,92","86,33","Высокая","2024-10-01"
"230","Nom_230","Prenom_230","RH","7","Service Client","2020-11-14","","Активен","4639","5,71","2020","82,17","85,33","Высокая","2024-10-01"
"148","Nom_148","Prenom_148","Manager","6","Ventes","2020-11-14","","Активен","4140","5,71","2020","79,75","80","Высокая","2024-10-01"
"833","Nom_833","Prenom_833","Finance","9","Juridique","2020-11-15","","Активен","2881","5,71","2020","78,75","76,33","Средняя","2024-10-01"
"1492","Nom_1492","Prenom_1492","Finance","7","Service Client","2020-11-19","","Активен","4610","5,7","2020","69,58","67,33","Средняя","2024-10-01"
"382","Nom_382","Prenom_382","RH","5","Marketing","2020-11-18","","Активен","1246","5,7","2020","66,33","69,33","Средняя","2024-10-01"
"931","Nom_931","Prenom_931","Manager","6","Ventes","2020-11-19","","Активен","4777","5,7","2020","81,33","78","Средняя","2024-10-01"
"40","Nom_40","Prenom_40","Manager","8","Opérations","2020-11-17","","Активен","3407","5,7","2020","67,92","73,67","Средняя","2024-10-01"
"635","Nom_635","Prenom_635","Developpeur","9","Juridique","2020-11-21","","Активен","4917","5,69","2020","68,58","61","Средняя","2024-10-01"
"1169","Nom_1169","Prenom_1169","RH","2","Finance","2020-11-22","","Активен","2235","5,69","2020","75,25","69","Средняя","2024-10-01"
"630","Nom_630","Prenom_630","RH","1","Ressources Humaines","2020-11-20","","Активен","3232","5,69","2020","71,08","71,67","Средняя","2024-10-01"
"1249","Nom_1249","Prenom_1249","RH","2","Finance","2020-11-20","","Активен","1703","5,69","2020","81,33","82,33","Высокая","2024-10-01"
"580","Nom_580","Prenom_580","Developpeur","2","Finance","2020-11-27","","Активен","3725","5,68","2020","72,75","63,67","Средняя","2024-10-01"
"251","Nom_251","Prenom_251","Developpeur","4","Data & Analytics","2020-11-29","","Активен","4339","5,67","2020","67,67","72","Средняя","2024-10-01"
"879","Nom_879","Prenom_879","RH","7","Service Client","2020-11-28","","Активен","2851","5,67","2020","75,92","81,33","Высокая","2024-10-01"
"709","Nom_709","Prenom_709","Analyste","2","Finance","2020-11-29","","Активен","3580","5,67","2020","74,58","86","Высокая","2024-10-01"
"433","Nom_433","Prenom_433","Developpeur","9","Juridique","2020-11-30","","Активен","3486","5,67","2020","75,58","74","Средняя","2024-10-01"
"35","Nom_35","Prenom_35","Manager","2","Finance","2020-11-30","","Активен","3777","5,67","2020","73,75","79","Средняя","2024-10-01"
"83","Nom_83","Prenom_83","Developpeur","8","Opérations","2020-12-03","","Активен","3365","5,66","2020","71,25","85","Высокая","2024-10-01"
"568","Nom_568","Prenom_568","Developpeur","10","Direction Générale","2020-12-04","","Активен","928","5,66","2020","76,75","77,67","Средняя","2024-10-01"
"906","Nom_906","Prenom_906","Developpeur","1","Ressources Humaines","2020-12-09","","Активен","1815","5,64","2020","77,42","71,67","Средняя","2024-10-01"
"1390","Nom_1390","Prenom_1390","Analyste","10","Direction Générale","2020-12-12","","Активен","3372","5,63","2020","80,17","83,33","Высокая","2024-10-01"
"950","Nom_950","Prenom_950","RH","2","Finance","2020-12-14","","Активен","4614","5,63","2020","80,17","93","Высокая","2024-10-01"
"1220","Nom_1220","Prenom_1220","RH","6","Ventes","2020-12-15","","Активен","3799","5,63","2020","77,83","86,33","Высокая","2024-10-01"
"1136","Nom_1136","Prenom_1136","Finance","10","Direction Générale","2020-12-14","","Активен","954","5,63","2020","81,08","71","Средняя","2024-10-01"
"800","Nom_800","Prenom_800","Finance","6","Ventes","2020-12-14","","Активен","2589","5,63","2020","74,42","68,33","Средняя","2024-10-01"
"1102","Nom_1102","Prenom_1102","Developpeur","10","Direction Générale","2020-12-19","","Активен","1719","5,62","2020","72,25","72,67","Средняя","2024-10-01"
"960","Nom_960","Prenom_960","Manager","3","Informatique","2020-12-17","","Активен","1409","5,62","2020","78,75","82","Высокая","2024-10-01"
"720","Nom_720","Prenom_720","Finance","7","Service Client","2020-12-18","","Активен","3766","5,62","2020","78,67","63","Средняя","2024-10-01"
"101","Nom_101","Prenom_101","Finance","2","Finance","2020-12-20","","Активен","4935","5,61","2020","66,83","73,67","Средняя","2024-10-01"
"1106","Nom_1106","Prenom_1106","Developpeur","6","Ventes","2020-12-26","","Активен","2669","5,6","2020","71,75","72,33","Средняя","2024-10-01"
"1232","Nom_1232","Prenom_1232","RH","3","Informatique","2020-12-24","","Активен","2250","5,6","2020","65,42","77,33","Средняя","2024-10-01"
"1291","Nom_1291","Prenom_1291","Developpeur","2","Finance","2020-12-25","","Активен","1819","5,6","2020","77,5","66","Средняя","2024-10-01"
"706","Nom_706","Prenom_706","Finance","2","Finance","2020-12-29","","Активен","2281","5,59","2020","67,5","61,33","Средняя","2024-10-01"
"653","Nom_653","Prenom_653","Manager","8","Opérations","2020-12-27","","Активен","2068","5,59","2020","73,75","76,67","Средняя","2024-10-01"
"266","Nom_266","Prenom_266","RH","4","Data & Analytics","2020-12-30","","Активен","2674","5,59","2020","78,83","87,33","Высокая","2024-10-01"
"85","Nom_85","Prenom_85","Analyste","9","Juridique","2020-12-30","","Активен","3598","5,59","2020","76,17","84,33","Высокая","2024-10-01"
"492","Nom_492","Prenom_492","RH","5","Marketing","2020-12-27","","Активен","3913","5,59","2020","74,17","70","Средняя","2024-10-01"
"753","Nom_753","Prenom_753","RH","5","Marketing","2021-01-02","","Активен","1024","5,58","2021","72,92","76,33","Средняя","2024-10-01"
"895","Nom_895","Prenom_895","Finance","10","Direction Générale","2021-01-01","","Активен","811","5,58","2021","77","65","Средняя","2024-10-01"
"883","Nom_883","Prenom_883","Developpeur","8","Opérations","2021-01-01","","Активен","1707","5,58","2021","72,17","79,67","Средняя","2024-10-01"
"865","Nom_865","Prenom_865","Manager","9","Juridique","2021-01-05","","Активен","2430","5,57","2021","73,67","76,67","Средняя","2024-10-01"
"886","Nom_886","Prenom_886","RH","5","Marketing","2021-01-09","","Активен","4842","5,56","2021","73,42","77","Средняя","2024-10-01"
"545","Nom_545","Prenom_545","RH","5","Marketing","2021-01-10","","Активен","983","5,56","2021","71,5","71,67","Средняя","2024-10-01"
"682","Nom_682","Prenom_682","Analyste","9","Juridique","2021-01-08","","Активен","4837","5,56","2021","71,08","73,33","Средняя","2024-10-01"
"1130","Nom_1130","Prenom_1130","RH","5","Marketing","2021-01-08","","Активен","1924","5,56","2021","79,5","87,33","Высокая","2024-10-01"
"173","Nom_173","Prenom_173","Finance","3","Informatique","2021-01-12","","Активен","1722","5,55","2021","72,58","83,67","Высокая","2024-10-01"
"1163","Nom_1163","Prenom_1163","RH","1","Ressources Humaines","2021-01-17","","Активен","2249","5,54","2021","75,67","69,67","Средняя","2024-10-01"
"27","Nom_27","Prenom_27","Developpeur","10","Direction Générale","2021-01-17","","Активен","3805","5,54","2021","72,92","62,33","Средняя","2024-10-01"
"1123","Nom_1123","Prenom_1123","RH","3","Informatique","2021-01-19","","Активен","2681","5,53","2021","78,08","83,33","Высокая","2024-10-01"
"388","Nom_388","Prenom_388","Manager","10","Direction Générale","2021-01-19","","Активен","3759","5,53","2021","70,17","68,33","Средняя","2024-10-01"
"182","Nom_182","Prenom_182","RH","7","Service Client","2021-01-18","","Активен","2163","5,53","2021","74,58","58,33","Низкая","2024-10-01"
"756","Nom_756","Prenom_756","Analyste","1","Ressources Humaines","2021-01-20","","Активен","1906","5,53","2021","78,25","63,33","Средняя","2024-10-01"
"651","Nom_651","Prenom_651","Finance","6","Ventes","2021-01-23","","Активен","2576","5,52","2021","69,67","67,67","Средняя","2024-10-01"
"285","Nom_285","Prenom_285","Analyste","10","Direction Générale","2021-01-21","","Активен","3820","5,52","2021","73,08","72,67","Средняя","2024-10-01"
"1379","Nom_1379","Prenom_1379","Analyste","1","Ressources Humaines","2021-01-24","","Активен","3468","5,52","2021","74,25","81","Высокая","2024-10-01"
"1018","Nom_1018","Prenom_1018","Finance","2","Finance","2021-01-28","","Активен","1657","5,51","2021","78,92","83","Высокая","2024-10-01"
"469","Nom_469","Prenom_469","Finance","2","Finance","2021-01-28","","Активен","2447","5,51","2021","72,67","78","Средняя","2024-10-01"
"1195","Nom_1195","Prenom_1195","RH","2","Finance","2021-01-28","","Активен","4018","5,51","2021","73,58","63,67","Средняя","2024-10-01"
"1043","Nom_1043","Prenom_1043","RH","4","Data & Analytics","2021-01-30","","Активен","4195","5,5","2021","70,17","74,67","Средняя","2024-10-01"
"676","Nom_676","Prenom_676","Analyste","9","Juridique","2021-01-30","","Активен","2891","5,5","2021","77,25","74,33","Средняя","2024-10-01"
"611","Nom_611","Prenom_611","Manager","9","Juridique","2021-01-31","","Активен","1159","5,5","2021","67,42","62,33","Средняя","2024-10-01"
"1000","Nom_1000","Prenom_1000","RH","8","Opérations","2021-02-02","","Активен","4544","5,49","2021","74,25","64,33","Средняя","2024-10-01"
"296","Nom_296","Prenom_296","Finance","7","Service Client","2021-02-02","","Активен","1741","5,49","2021","74,58","79","Средняя","2024-10-01"
"842","Nom_842","Prenom_842","Manager","8","Opérations","2021-02-02","","Активен","947","5,49","2021","73,67","65","Средняя","2024-10-01"
"1470","Nom_1470","Prenom_1470","RH","7","Service Client","2021-02-01","","Активен","3983","5,49","2021","75,42","64,67","Средняя","2024-10-01"
"108","Nom_108","Prenom_108","Developpeur","5","Marketing","2021-02-02","","Активен","1885","5,49","2021","71,92","69,33","Средняя","2024-10-01"
"985","Nom_985","Prenom_985","Manager","5","Marketing","2021-02-01","","Активен","2167","5,49","2021","64,08","68","Средняя","2024-10-01"
"615","Nom_615","Prenom_615","Manager","9","Juridique","2021-02-07","","Активен","2425","5,48","2021","71,5","75","Средняя","2024-10-01"
"13","Nom_13","Prenom_13","Manager","1","Ressources Humaines","2021-02-08","","Активен","3867","5,48","2021","82,5","82","Высокая","2024-10-01"
"988","Nom_988","Prenom_988","RH","8","Opérations","2021-02-05","","Активен","4403","5,48","2021","82,67","73,33","Средняя","2024-10-01"
"277","Nom_277","Prenom_277","RH","8","Opérations","2021-02-05","","Активен","1174","5,48","2021","77,08","77,33","Средняя","2024-10-01"
"977","Nom_977","Prenom_977","RH","6","Ventes","2021-02-09","","Активен","2334","5,47","2021","71,25","73,67","Средняя","2024-10-01"
"944","Nom_944","Prenom_944","Manager","3","Informatique","2021-02-09","","Активен","994","5,47","2021","78,17","90","Высокая","2024-10-01"
"70","Nom_70","Prenom_70","RH","4","Data & Analytics","2021-02-14","","Активен","1458","5,46","2021","72,25","72,33","Средняя","2024-10-01"
"656","Nom_656","Prenom_656","Finance","2","Finance","2021-02-14","","Активен","1883","5,46","2021","76,17","72,67","Средняя","2024-10-01"
"522","Nom_522","Prenom_522","RH","5","Marketing","2021-02-12","","Активен","1851","5,46","2021","71,58","70,67","Средняя","2024-10-01"
"1264","Nom_1264","Prenom_1264","RH","6","Ventes","2021-02-15","","Активен","1294","5,46","2021","67,08","56","Низкая","2024-10-01"
"59","Nom_59","Prenom_59","Finance","8","Opérations","2021-02-15","","Активен","2647","5,46","2021","73,75","66","Средняя","2024-10-01"
"1428","Nom_1428","Prenom_1428","Manager","6","Ventes","2021-02-17","","Активен","3970","5,45","2021","69,67","66,33","Средняя","2024-10-01"
"138","Nom_138","Prenom_138","RH","6","Ventes","2021-02-18","","Активен","3746","5,45","2021","76,67","61,33","Средняя","2024-10-01"
"866","Nom_866","Prenom_866","Finance","8","Opérations","2021-02-22","","Активен","1087","5,44","2021","80,25","85,67","Высокая","2024-10-01"
"1263","Nom_1263","Prenom_1263","Manager","3","Informatique","2021-02-23","","Активен","2654","5,43","2021","73,5","71,67","Средняя","2024-10-01"
"1029","Nom_1029","Prenom_1029","Analyste","4","Data & Analytics","2021-02-23","","Активен","3653","5,43","2021","75,58","89,33","Высокая","2024-10-01"
"461","Nom_461","Prenom_461","Developpeur","10","Direction Générale","2021-02-23","","Активен","4157","5,43","2021","75,17","86,33","Высокая","2024-10-01"
"548","Nom_548","Prenom_548","RH","4","Data & Analytics","2021-03-01","","Активен","3596","5,42","2021","70,92","74,33","Средняя","2024-10-01"
"571","Nom_571","Prenom_571","Manager","7","Service Client","2021-02-28","","Активен","2401","5,42","2021","79,58","76,67","Средняя","2024-10-01"
"620","Nom_620","Prenom_620","Finance","10","Direction Générale","2021-03-02","","Активен","3304","5,42","2021","71,17","78,67","Средняя","2024-10-01"
"106","Nom_106","Prenom_106","RH","7","Service Client","2021-03-02","","Активен","4106","5,42","2021","72,5","80,67","Высокая","2024-10-01"
"1082","Nom_1082","Prenom_1082","Analyste","10","Direction Générale","2021-03-04","","Активен","3958","5,41","2021","69,25","61,33","Средняя","2024-10-01"
"930","Nom_930","Prenom_930","Finance","6","Ventes","2021-03-05","","Активен","3764","5,41","2021","75,58","73,67","Средняя","2024-10-01"
"163","Nom_163","Prenom_163","Developpeur","9","Juridique","2021-03-05","","Активен","4049","5,41","2021","73","84,67","Высокая","2024-10-01"
"772","Nom_772","Prenom_772","RH","9","Juridique","2021-03-05","","Активен","2157","5,41","2021","74,42","69","Средняя","2024-10-01"
"1381","Nom_1381","Prenom_1381","Finance","5","Marketing","2021-03-04","","Активен","4080","5,41","2021","68,58","68,33","Средняя","2024-10-01"
"400","Nom_400","Prenom_400","Analyste","6","Ventes","2021-03-08","","Активен","1069","5,4","2021","75,33","73,67","Средняя","2024-10-01"
"910","Nom_910","Prenom_910","Developpeur","6","Ventes","2021-03-08","","Активен","3150","5,4","2021","72,17","69","Средняя","2024-10-01"
"1289","Nom_1289","Prenom_1289","Finance","3","Informatique","2021-03-08","","Активен","4716","5,4","2021","72,25","77","Средняя","2024-10-01"
"1023","Nom_1023","Prenom_1023","Developpeur","4","Data & Analytics","2021-03-07","","Активен","1723","5,4","2021","67,92","63","Средняя","2024-10-01"
"199","Nom_199","Prenom_199","Finance","3","Informatique","2021-03-06","","Активен","1165","5,4","2021","75,92","75","Средняя","2024-10-01"
"1005","Nom_1005","Prenom_1005","Finance","9","Juridique","2021-03-08","","Активен","4885","5,4","2021","75,92","79,33","Средняя","2024-10-01"
"557","Nom_557","Prenom_557","Analyste","7","Service Client","2021-03-12","","Активен","1828","5,39","2021","81,92","84,33","Высокая","2024-10-01"
"371","Nom_371","Prenom_371","Finance","7","Service Client","2021-03-11","","Активен","1329","5,39","2021","77,58","70","Средняя","2024-10-01"
"608","Nom_608","Prenom_608","RH","10","Direction Générale","2021-03-12","","Активен","4068","5,39","2021","68,58","62,67","Средняя","2024-10-01"
"1359","Nom_1359","Prenom_1359","Developpeur","4","Data & Analytics","2021-03-16","","Активен","3688","5,38","2021","73,67","81","Высокая","2024-10-01"
"146","Nom_146","Prenom_146","Analyste","8","Opérations","2021-03-15","","Активен","2505","5,38","2021","77,17","81","Высокая","2024-10-01"
"17","Nom_17","Prenom_17","Analyste","9","Juridique","2021-03-16","","Активен","4411","5,38","2021","81,25","77","Средняя","2024-10-01"
"1129","Nom_1129","Prenom_1129","Finance","6","Ventes","2021-03-16","","Активен","818","5,38","2021","76,25","78,67","Средняя","2024-10-01"
"1002","Nom_1002","Prenom_1002","Finance","2","Finance","2021-03-16","","Активен","2444","5,38","2021","68,17","72,67","Средняя","2024-10-01"
"1096","Nom_1096","Prenom_1096","RH","9","Juridique","2021-03-14","","Активен","1443","5,38","2021","70,17","62,33","Средняя","2024-10-01"
"834","Nom_834","Prenom_834","Developpeur","4","Data & Analytics","2020-11-02","2026-03-17","Уволен","4298","5,37","2020","75,33","76","Средняя","2024-10-01"
"1143","Nom_1143","Prenom_1143","Developpeur","9","Juridique","2021-03-22","","Активен","2364","5,36","2021","67,58","54,67","Низкая","2024-10-01"
"1431","Nom_1431","Prenom_1431","Finance","4","Data & Analytics","2021-03-24","","Активен","1124","5,36","2021","77,5","77,33","Средняя","2024-10-01"
"1392","Nom_1392","Prenom_1392","RH","6","Ventes","2021-03-25","","Активен","866","5,35","2021","66,33","60,33","Средняя","2024-10-01"
"836","Nom_836","Prenom_836","RH","10","Direction Générale","2021-03-25","","Активен","2709","5,35","2021","69,17","60","Средняя","2024-10-01"
"91","Nom_91","Prenom_91","Finance","9","Juridique","2021-03-26","","Активен","4977","5,35","2021","70,58","58,67","Низкая","2024-10-01"
"374","Nom_374","Prenom_374","Developpeur","4","Data & Analytics","2021-03-26","","Активен","2094","5,35","2021","76,5","66,33","Средняя","2024-10-01"
"339","Nom_339","Prenom_339","Developpeur","5","Marketing","2021-03-26","","Активен","1836","5,35","2021","71,67","72,67","Средняя","2024-10-01"
"1361","Nom_1361","Prenom_1361","RH","9","Juridique","2021-03-25","","Активен","4786","5,35","2021","72,25","82,67","Высокая","2024-10-01"
"408","Nom_408","Prenom_408","Developpeur","2","Finance","2021-03-26","","Активен","2245","5,35","2021","70,58","75,33","Средняя","2024-10-01"
"1322","Nom_1322","Prenom_1322","Manager","2","Finance","2021-03-31","","Активен","3493","5,34","2021","79,25","71,67","Средняя","2024-10-01"
"826","Nom_826","Prenom_826","Analyste","9","Juridique","2021-04-03","","Активен","4769","5,33","2021","75,5","84,67","Высокая","2024-10-01"
"1439","Nom_1439","Prenom_1439","RH","3","Informatique","2021-04-04","","Активен","3171","5,33","2021","76,08","81","Высокая","2024-10-01"
"529","Nom_529","Prenom_529","Manager","2","Finance","2021-04-02","","Активен","2905","5,33","2021","78,08","81,33","Высокая","2024-10-01"
"364","Nom_364","Prenom_364","RH","1","Ressources Humaines","2021-04-01","","Активен","3582","5,33","2021","71,33","71,67","Средняя","2024-10-01"
"909","Nom_909","Prenom_909","RH","8","Opérations","2021-04-03","","Активен","1353","5,33","2021","81,92","79,67","Средняя","2024-10-01"
"939","Nom_939","Prenom_939","Analyste","1","Ressources Humaines","2021-04-02","","Активен","3486","5,33","2021","73,25","79,67","Средняя","2024-10-01"
"929","Nom_929","Prenom_929","Analyste","5","Marketing","2021-04-06","","Активен","1079","5,32","2021","75,58","77,33","Средняя","2024-10-01"
"665","Nom_665","Prenom_665","Finance","3","Informatique","2021-04-05","","Активен","2285","5,32","2021","71,58","67","Средняя","2024-10-01"
"474","Nom_474","Prenom_474","Manager","4","Data & Analytics","2021-04-07","","Активен","3231","5,32","2021","73,83","80","Высокая","2024-10-01"
"814","Nom_814","Prenom_814","Finance","5","Marketing","2021-04-08","","Активен","1769","5,31","2021","83,67","73,33","Средняя","2024-10-01"
"540","Nom_540","Prenom_540","Analyste","3","Informatique","2021-04-10","","Активен","3294","5,31","2021","75,83","73","Средняя","2024-10-01"
"1091","Nom_1091","Prenom_1091","Finance","4","Data & Analytics","2021-04-10","","Активен","3360","5,31","2021","76,17","78","Средняя","2024-10-01"
"45","Nom_45","Prenom_45","Manager","1","Ressources Humaines","2021-04-11","","Активен","2148","5,31","2021","71,5","69,33","Средняя","2024-10-01"
"1230","Nom_1230","Prenom_1230","Finance","7","Service Client","2021-04-15","","Активен","3736","5,3","2021","77,58","67","Средняя","2024-10-01"
"271","Nom_271","Prenom_271","Finance","9","Juridique","2021-04-15","","Активен","4988","5,3","2021","72,42","67,33","Средняя","2024-10-01"
"1071","Nom_1071","Prenom_1071","RH","10","Direction Générale","2021-04-17","","Активен","1597","5,29","2021","81,92","80","Высокая","2024-10-01"
"507","Nom_507","Prenom_507","Manager","5","Marketing","2021-04-17","","Активен","2056","5,29","2021","73,67","63,33","Средняя","2024-10-01"
"51","Nom_51","Prenom_51","Developpeur","4","Data & Analytics","2021-04-20","","Активен","1050","5,28","2021","68,58","61,67","Средняя","2024-10-01"
"1188","Nom_1188","Prenom_1188","Finance","1","Ressources Humaines","2021-04-22","","Активен","3195","5,28","2021","71,42","62","Средняя","2024-10-01"
"1373","Nom_1373","Prenom_1373","Developpeur","8","Opérations","2021-04-23","","Активен","1073","5,27","2021","74,75","62,67","Средняя","2024-10-01"
"654","Nom_654","Prenom_654","Finance","1","Ressources Humaines","2021-04-28","","Активен","1815","5,26","2021","75,08","70,33","Средняя","2024-10-01"
"1046","Nom_1046","Prenom_1046","Developpeur","3","Informatique","2021-04-27","","Активен","4434","5,26","2021","72,58","65,67","Средняя","2024-10-01"
"1489","Nom_1489","Prenom_1489","Developpeur","6","Ventes","2021-04-28","","Активен","3012","5,26","2021","72,92","65,33","Средняя","2024-10-01"
"1294","Nom_1294","Prenom_1294","Finance","2","Finance","2021-04-30","","Активен","4429","5,25","2021","82,25","82","Высокая","2024-10-01"
"454","Nom_454","Prenom_454","Manager","4","Data & Analytics","2021-05-03","","Активен","2524","5,25","2021","74,75","62","Средняя","2024-10-01"
"993","Nom_993","Prenom_993","Finance","5","Marketing","2021-05-02","","Активен","2905","5,25","2021","76,17","83","Высокая","2024-10-01"
"925","Nom_925","Prenom_925","RH","6","Ventes","2021-05-02","","Активен","2494","5,25","2021","68,25","72,67","Средняя","2024-10-01"
"724","Nom_724","Prenom_724","Analyste","9","Juridique","2021-04-30","","Активен","4654","5,25","2021","82,25","84,67","Высокая","2024-10-01"
"628","Nom_628","Prenom_628","RH","9","Juridique","2021-05-01","","Активен","2436","5,25","2021","77,58","80","Высокая","2024-10-01"
"28","Nom_28","Prenom_28","RH","5","Marketing","2021-05-06","","Активен","4352","5,24","2021","72,33","66,67","Средняя","2024-10-01"
"572","Nom_572","Prenom_572","Finance","10","Direction Générale","2021-05-10","","Активен","4770","5,23","2021","72","68,33","Средняя","2024-10-01"
"1007","Nom_1007","Prenom_1007","RH","1","Ressources Humaines","2021-05-08","2026-09-29","Активен","1452","5,23","2021","77,17","63","Средняя","2024-10-01"
"1357","Nom_1357","Prenom_1357","Finance","2","Finance","2021-05-14","","Активен","2561","5,22","2021","71,58","75","Средняя","2024-10-01"
"1201","Nom_1201","Prenom_1201","RH","9","Juridique","2020-07-01","2025-09-15","Уволен","2514","5,21","2020","78,58","86,67","Высокая","2024-10-01"
"1480","Nom_1480","Prenom_1480","Developpeur","1","Ressources Humaines","2019-10-12","2024-12-27","Уволен","1415","5,21","2019","87,83","77","Средняя","2024-10-01"
"528","Nom_528","Prenom_528","Developpeur","3","Informatique","2021-05-16","","Активен","4547","5,21","2021","80,17","82,33","Высокая","2024-10-01"
"700","Nom_700","Prenom_700","Analyste","6","Ventes","2021-05-16","","Активен","3218","5,21","2021","74,58","61,67","Средняя","2024-10-01"
"1387","Nom_1387","Prenom_1387","Finance","1","Ressources Humaines","2021-05-21","","Активен","1422","5,2","2021","69,67","76","Средняя","2024-10-01"
"8","Nom_8","Prenom_8","Finance","9","Juridique","2021-05-21","","Активен","1445","5,2","2021","70,25","54,67","Низкая","2024-10-01"
"884","Nom_884","Prenom_884","Finance","9","Juridique","2021-05-18","","Активен","3454","5,2","2021","77,25","70,33","Средняя","2024-10-01"
"310","Nom_310","Prenom_310","Analyste","6","Ventes","2021-05-21","","Активен","3454","5,2","2021","73,75","70,67","Средняя","2024-10-01"
"162","Nom_162","Prenom_162","Manager","10","Direction Générale","2021-05-20","","Активен","3361","5,2","2021","72","67,67","Средняя","2024-10-01"
"701","Nom_701","Prenom_701","RH","4","Data & Analytics","2021-05-22","","Активен","4998","5,19","2021","76,58","72,33","Средняя","2024-10-01"
"742","Nom_742","Prenom_742","Developpeur","5","Marketing","2019-04-19","2024-06-25","Уволен","4162","5,19","2019","79,42","79","Средняя","2024-10-01"
"1286","Nom_1286","Prenom_1286","Manager","1","Ressources Humaines","2021-05-22","","Активен","926","5,19","2021","78,92","79,33","Средняя","2024-10-01"
"796","Nom_796","Prenom_796","RH","7","Service Client","2021-05-25","","Активен","2702","5,19","2021","71,08","61,33","Средняя","2024-10-01"
"1469","Nom_1469","Prenom_1469","Manager","9","Juridique","2021-05-25","","Активен","2611","5,19","2021","74","65,33","Средняя","2024-10-01"
"361","Nom_361","Prenom_361","Developpeur","8","Opérations","2021-05-27","","Активен","4016","5,18","2021","76,92","77,67","Средняя","2024-10-01"
"403","Nom_403","Prenom_403","Developpeur","7","Service Client","2021-05-28","","Активен","2374","5,18","2021","78,08","85,67","Высокая","2024-10-01"
"1175","Nom_1175","Prenom_1175","Finance","4","Data & Analytics","2021-05-26","","Активен","4533","5,18","2021","69,58","69","Средняя","2024-10-01"
"523","Nom_523","Prenom_523","Analyste","7","Service Client","2021-05-26","","Активен","4833","5,18","2021","78,5","75","Средняя","2024-10-01"
"913","Nom_913","Prenom_913","RH","2","Finance","2021-05-26","","Активен","984","5,18","2021","74,75","80,33","Высокая","2024-10-01"
"325","Nom_325","Prenom_325","Manager","8","Opérations","2021-05-30","","Активен","4770","5,17","2021","74,17","67","Средняя","2024-10-01"
"1212","Nom_1212","Prenom_1212","Finance","3","Informatique","2021-05-30","","Активен","4296","5,17","2021","74,25","61,67","Средняя","2024-10-01"
"964","Nom_964","Prenom_964","Analyste","2","Finance","2021-05-30","","Активен","1415","5,17","2021","72,25","63,33","Средняя","2024-10-01"
"1118","Nom_1118","Prenom_1118","RH","7","Service Client","2021-06-01","","Активен","1492","5,17","2021","81","83","Высокая","2024-10-01"
"839","Nom_839","Prenom_839","Finance","4","Data & Analytics","2021-06-04","","Активен","4819","5,16","2021","71,58","75,67","Средняя","2024-10-01"
"728","Nom_728","Prenom_728","Manager","9","Juridique","2021-06-03","","Активен","2025","5,16","2021","77,25","68,33","Средняя","2024-10-01"
"525","Nom_525","Prenom_525","RH","3","Informatique","2021-06-02","","Активен","3990","5,16","2021","77,17","76","Средняя","2024-10-01"
"280","Nom_280","Prenom_280","Analyste","7","Service Client","2021-06-02","","Активен","1941","5,16","2021","79,83","94","Высокая","2024-10-01"
"1414","Nom_1414","Prenom_1414","Developpeur","9","Juridique","2021-06-06","","Активен","3044","5,15","2021","73,25","70,67","Средняя","2024-10-01"
"734","Nom_734","Prenom_734","Developpeur","4","Data & Analytics","2021-06-09","","Активен","4522","5,14","2021","73,75","62,67","Средняя","2024-10-01"
"168","Nom_168","Prenom_168","Analyste","3","Informatique","2021-06-10","","Активен","3352","5,14","2021","80,17","88,67","Высокая","2024-10-01"
"815","Nom_815","Prenom_815","Analyste","5","Marketing","2021-06-13","","Активен","1894","5,13","2021","72,25","67,67","Средняя","2024-10-01"
"1254","Nom_1254","Prenom_1254","Finance","2","Finance","2021-06-16","","Активен","4140","5,13","2021","77,08","85","Высокая","2024-10-01"
"565","Nom_565","Prenom_565","Developpeur","1","Ressources Humaines","2021-06-15","","Активен","4982","5,13","2021","77,92","88,33","Высокая","2024-10-01"
"625","Nom_625","Prenom_625","Finance","3","Informatique","2021-06-14","","Активен","2411","5,13","2021","70,17","79,33","Средняя","2024-10-01"
"62","Nom_62","Prenom_62","Developpeur","1","Ressources Humaines","2021-06-16","","Активен","2421","5,13","2021","77,5","80,67","Высокая","2024-10-01"
"327","Nom_327","Prenom_327","Manager","4","Data & Analytics","2021-06-15","","Активен","1383","5,13","2021","86,33","90,33","Высокая","2024-10-01"
"1052","Nom_1052","Prenom_1052","Analyste","7","Service Client","2021-06-18","","Активен","2092","5,12","2021","83,92","82","Высокая","2024-10-01"
"1024","Nom_1024","Prenom_1024","Analyste","1","Ressources Humaines","2021-06-18","","Активен","3599","5,12","2021","72,08","79,67","Средняя","2024-10-01"
"1196","Nom_1196","Prenom_1196","Manager","7","Service Client","2021-06-17","","Активен","3938","5,12","2021","78,33","83","Высокая","2024-10-01"
"1050","Nom_1050","Prenom_1050","Manager","3","Informatique","2021-06-18","","Активен","1399","5,12","2021","79,17","88,33","Высокая","2024-10-01"
"1248","Nom_1248","Prenom_1248","Finance","1","Ressources Humaines","2021-06-20","","Активен","3769","5,11","2021","82,42","78","Средняя","2024-10-01"
"222","Nom_222","Prenom_222","Developpeur","9","Juridique","2020-12-10","2026-01-14","Уволен","3650","5,1","2020","75,58","74,33","Средняя","2024-10-01"
"592","Nom_592","Prenom_592","Developpeur","1","Ressources Humaines","2021-06-30","","Активен","1329","5,09","2021","77","73","Средняя","2024-10-01"
"762","Nom_762","Prenom_762","Manager","5","Marketing","2021-07-01","","Активен","2817","5,08","2021","74,83","79","Средняя","2024-10-01"
"175","Nom_175","Prenom_175","Developpeur","8","Opérations","2020-07-17","2025-08-12","Уволен","3750","5,07","2020","76,42","68,67","Средняя","2024-10-01"
"1202","Nom_1202","Prenom_1202","Finance","1","Ressources Humaines","2021-07-08","","Активен","1356","5,07","2021","76,83","78","Средняя","2024-10-01"
"680","Nom_680","Prenom_680","Finance","5","Marketing","2021-07-08","","Активен","3202","5,07","2021","72,42","71,33","Средняя","2024-10-01"
"1282","Nom_1282","Prenom_1282","Finance","2","Finance","2021-07-06","","Активен","3762","5,07","2021","82,5","77","Средняя","2024-10-01"
"990","Nom_990","Prenom_990","RH","7","Service Client","2021-07-07","","Активен","2786","5,07","2021","67,08","70,67","Средняя","2024-10-01"
"1122","Nom_1122","Prenom_1122","RH","9","Juridique","2021-07-07","","Активен","1241","5,07","2021","76,08","86","Высокая","2024-10-01"
"1340","Nom_1340","Prenom_1340","Developpeur","4","Data & Analytics","2021-07-11","","Активен","3397","5,06","2021","76,33","66,33","Средняя","2024-10-01"
"471","Nom_471","Prenom_471","RH","8","Opérations","2021-07-09","","Активен","942","5,06","2021","68,67","77","Средняя","2024-10-01"
"897","Nom_897","Prenom_897","Analyste","10","Direction Générale","2021-07-13","","Активен","3337","5,05","2021","74,33","74,67","Средняя","2024-10-01"
"439","Nom_439","Prenom_439","Developpeur","3","Informatique","2021-07-16","","Активен","2773","5,04","2021","71","56,33","Низкая","2024-10-01"
"306","Nom_306","Prenom_306","Finance","9","Juridique","2021-07-17","","Активен","2057","5,04","2021","81,42","86,33","Высокая","2024-10-01"
"139","Nom_139","Prenom_139","Manager","2","Finance","2021-07-18","","Активен","2612","5,04","2021","73,58","79,67","Средняя","2024-10-01"
"892","Nom_892","Prenom_892","Developpeur","1","Ressources Humaines","2021-07-17","","Активен","4842","5,04","2021","72,75","78,67","Средняя","2024-10-01"
"827","Nom_827","Prenom_827","Manager","3","Informatique","2021-07-17","2026-08-05","Активен","3765","5,04","2021","73,67","83,67","Высокая","2024-10-01"
"746","Nom_746","Prenom_746","Developpeur","10","Direction Générale","2021-07-23","","Активен","3606","5,02","2021","67,25","67,67","Средняя","2024-10-01"
"1443","Nom_1443","Prenom_1443","Manager","1","Ressources Humaines","2021-07-24","","Активен","3152","5,02","2021","69,83","80,33","Высокая","2024-10-01"
"530","Nom_530","Prenom_530","Finance","4","Data & Analytics","2021-07-24","","Активен","1107","5,02","2021","72,08","78,67","Средняя","2024-10-01"
"1467","Nom_1467","Prenom_1467","Finance","4","Data & Analytics","2021-07-27","","Активен","2007","5,01","2021","78,67","82,33","Высокая","2024-10-01"
"1210","Nom_1210","Prenom_1210","Manager","8","Opérations","2020-10-07","2025-10-10","Уволен","1638","5,01","2020","75,42","77,33","Средняя","2024-10-01"
